x,f(x)
0,1.442404731268471
1,1.442380600927709
2,1.442356464331403
3,1.442332321476443
4,1.442308172359723
5,1.442284016978128
6,1.442259855328547
7,1.442235687407862
8,1.442211513212956
9,1.442187332740706
10,1.442163145987992
11,1.442138952951686
12,1.442114753628662
13,1.442090548015790
14,1.442066336109938
15,1.442042117907969
16,1.442017893406750
17,1.441993662603139
18,1.441969425493995
19,1.441945182076176
20,1.441920932346534
21,1.441896676301922
22,1.441872413939188
23,1.441848145255180
24,1.441823870246742
25,1.441799588910717
26,1.441775301243944
27,1.441751007243262
28,1.441726706905506
29,1.441702400227508
30,1.441678087206099
31,1.441653767838109
32,1.441629442120362
33,1.441605110049682
34,1.441580771622891
35,1.441556426836807
36,1.441532075688248
37,1.441507718174027
38,1.441483354290956
39,1.441458984035846
40,1.441434607405502
41,1.441410224396730
42,1.441385835006332
43,1.441361439231110
44,1.441337037067858
45,1.441312628513375
46,1.441288213564452
47,1.441263792217880
48,1.441239364470447
49,1.441214930318939
50,1.441190489760140
51,1.441166042790831
52,1.441141589407789
53,1.441117129607792
54,1.441092663387614
55,1.441068190744026
56,1.441043711673796
57,1.441019226173693
58,1.440994734240480
59,1.440970235870918
60,1.440945731061768
61,1.440921219809787
62,1.440896702111729
63,1.440872177964346
64,1.440847647364389
65,1.440823110308604
66,1.440798566793737
67,1.440774016816531
68,1.440749460373725
69,1.440724897462057
70,1.440700328078263
71,1.440675752219075
72,1.440651169881224
73,1.440626581061438
74,1.440601985756442
75,1.440577383962960
76,1.440552775677711
77,1.440528160897415
78,1.440503539618788
79,1.440478911838541
80,1.440454277553388
81,1.440429636760034
82,1.440404989455188
83,1.440380335635551
84,1.440355675297826
85,1.440331008438710
86,1.440306335054901
87,1.440281655143090
88,1.440256968699970
89,1.440232275722229
90,1.440207576206554
91,1.440182870149628
92,1.440158157548133
93,1.440133438398746
94,1.440108712698144
95,1.440083980443002
96,1.440059241629990
97,1.440034496255777
98,1.440009744317029
99,1.439984985810411
100,1.439960220732583
101,1.439935449080204
102,1.439910670849930
103,1.439885886038416
104,1.439861094642311
105,1.439836296658266
106,1.439811492082927
107,1.439786680912935
108,1.439761863144934
109,1.439737038775562
110,1.439712207801455
111,1.439687370219246
112,1.439662526025566
113,1.439637675217044
114,1.439612817790306
115,1.439587953741974
116,1.439563083068672
117,1.439538205767015
118,1.439513321833621
119,1.439488431265102
120,1.439463534058069
121,1.439438630209130
122,1.439413719714891
123,1.439388802571954
124,1.439363878776921
125,1.439338948326389
126,1.439314011216952
127,1.439289067445205
128,1.439264117007738
129,1.439239159901136
130,1.439214196121987
131,1.439189225666871
132,1.439164248532370
133,1.439139264715060
134,1.439114274211515
135,1.439089277018309
136,1.439064273132010
137,1.439039262549185
138,1.439014245266398
139,1.438989221280212
140,1.438964190587185
141,1.438939153183873
142,1.438914109066831
143,1.438889058232609
144,1.438864000677757
145,1.438838936398820
146,1.438813865392342
147,1.438788787654863
148,1.438763703182922
149,1.438738611973054
150,1.438713514021791
151,1.438688409325665
152,1.438663297881202
153,1.438638179684928
154,1.438613054733365
155,1.438587923023032
156,1.438562784550447
157,1.438537639312124
158,1.438512487304575
159,1.438487328524308
160,1.438462162967831
161,1.438436990631647
162,1.438411811512256
163,1.438386625606157
164,1.438361432909847
165,1.438336233419818
166,1.438311027132561
167,1.438285814044563
168,1.438260594152309
169,1.438235367452282
170,1.438210133940961
171,1.438184893614823
172,1.438159646470343
173,1.438134392503992
174,1.438109131712240
175,1.438083864091551
176,1.438058589638391
177,1.438033308349219
178,1.438008020220494
179,1.437982725248671
180,1.437957423430202
181,1.437932114761538
182,1.437906799239127
183,1.437881476859412
184,1.437856147618835
185,1.437830811513835
186,1.437805468540849
187,1.437780118696310
188,1.437754761976650
189,1.437729398378295
190,1.437704027897673
191,1.437678650531204
192,1.437653266275310
193,1.437627875126408
194,1.437602477080911
195,1.437577072135232
196,1.437551660285779
197,1.437526241528958
198,1.437500815861174
199,1.437475383278826
200,1.437449943778312
201,1.437424497356028
202,1.437399044008365
203,1.437373583731714
204,1.437348116522460
205,1.437322642376989
206,1.437297161291681
207,1.437271673262914
208,1.437246178287064
209,1.437220676360505
210,1.437195167479605
211,1.437169651640733
212,1.437144128840252
213,1.437118599074524
214,1.437093062339908
215,1.437067518632760
216,1.437041967949434
217,1.437016410286279
218,1.436990845639643
219,1.436965274005870
220,1.436939695381303
221,1.436914109762281
222,1.436888517145140
223,1.436862917526214
224,1.436837310901832
225,1.436811697268323
226,1.436786076622011
227,1.436760448959219
228,1.436734814276266
229,1.436709172569468
230,1.436683523835139
231,1.436657868069589
232,1.436632205269125
233,1.436606535430054
234,1.436580858548677
235,1.436555174621292
236,1.436529483644198
237,1.436503785613686
238,1.436478080526047
239,1.436452368377570
240,1.436426649164538
241,1.436400922883234
242,1.436375189529937
243,1.436349449100923
244,1.436323701592465
245,1.436297947000834
246,1.436272185322296
247,1.436246416553117
248,1.436220640689558
249,1.436194857727877
250,1.436169067664331
251,1.436143270495173
252,1.436117466216652
253,1.436091654825015
254,1.436065836316507
255,1.436040010687368
256,1.436014177933838
257,1.435988338052150
258,1.435962491038539
259,1.435936636889232
260,1.435910775600457
261,1.435884907168437
262,1.435859031589393
263,1.435833148859542
264,1.435807258975099
265,1.435781361932277
266,1.435755457727282
267,1.435729546356322
268,1.435703627815600
269,1.435677702101314
270,1.435651769209663
271,1.435625829136839
272,1.435599881879035
273,1.435573927432437
274,1.435547965793231
275,1.435521996957599
276,1.435496020921719
277,1.435470037681769
278,1.435444047233920
279,1.435418049574343
280,1.435392044699205
281,1.435366032604669
282,1.435340013286898
283,1.435313986742048
284,1.435287952966274
285,1.435261911955729
286,1.435235863706562
287,1.435209808214918
288,1.435183745476940
289,1.435157675488768
290,1.435131598246539
291,1.435105513746387
292,1.435079421984441
293,1.435053322956831
294,1.435027216659680
295,1.435001103089110
296,1.434974982241239
297,1.434948854112183
298,1.434922718698055
299,1.434896575994963
300,1.434870425999014
301,1.434844268706311
302,1.434818104112954
303,1.434791932215040
304,1.434765753008663
305,1.434739566489915
306,1.434713372654882
307,1.434687171499649
308,1.434660963020298
309,1.434634747212908
310,1.434608524073553
311,1.434582293598306
312,1.434556055783237
313,1.434529810624411
314,1.434503558117891
315,1.434477298259738
316,1.434451031046007
317,1.434424756472753
318,1.434398474536025
319,1.434372185231872
320,1.434345888556337
321,1.434319584505462
322,1.434293273075285
323,1.434266954261839
324,1.434240628061158
325,1.434214294469269
326,1.434187953482197
327,1.434161605095966
328,1.434135249306593
329,1.434108886110095
330,1.434082515502485
331,1.434056137479772
332,1.434029752037963
333,1.434003359173060
334,1.433976958881063
335,1.433950551157970
336,1.433924135999774
337,1.433897713402466
338,1.433871283362033
339,1.433844845874458
340,1.433818400935723
341,1.433791948541805
342,1.433765488688679
343,1.433739021372317
344,1.433712546588685
345,1.433686064333750
346,1.433659574603471
347,1.433633077393809
348,1.433606572700718
349,1.433580060520150
350,1.433553540848053
351,1.433527013680374
352,1.433500479013054
353,1.433473936842032
354,1.433447387163244
355,1.433420829972623
356,1.433394265266098
357,1.433367693039594
358,1.433341113289034
359,1.433314526010339
360,1.433287931199423
361,1.433261328852200
362,1.433234718964580
363,1.433208101532468
364,1.433181476551769
365,1.433154844018381
366,1.433128203928201
367,1.433101556277123
368,1.433074901061036
369,1.433048238275827
370,1.433021567917380
371,1.432994889981573
372,1.432968204464285
373,1.432941511361387
374,1.432914810668751
375,1.432888102382244
376,1.432861386497727
377,1.432834663011063
378,1.432807931918107
379,1.432781193214712
380,1.432754446896730
381,1.432727692960006
382,1.432700931400384
383,1.432674162213705
384,1.432647385395804
385,1.432620600942516
386,1.432593808849669
387,1.432567009113092
388,1.432540201728607
389,1.432513386692033
390,1.432486563999188
391,1.432459733645885
392,1.432432895627934
393,1.432406049941140
394,1.432379196581307
395,1.432352335544234
396,1.432325466825718
397,1.432298590421552
398,1.432271706327524
399,1.432244814539422
400,1.432217915053027
401,1.432191007864118
402,1.432164092968472
403,1.432137170361860
404,1.432110240040053
405,1.432083301998814
406,1.432056356233907
407,1.432029402741090
408,1.432002441516118
409,1.431975472554742
410,1.431948495852712
411,1.431921511405772
412,1.431894519209663
413,1.431867519260123
414,1.431840511552888
415,1.431813496083687
416,1.431786472848248
417,1.431759441842296
418,1.431732403061551
419,1.431705356501730
420,1.431678302158547
421,1.431651240027712
422,1.431624170104932
423,1.431597092385910
424,1.431570006866344
425,1.431542913541933
426,1.431515812408368
427,1.431488703461339
428,1.431461586696530
429,1.431434462109625
430,1.431407329696301
431,1.431380189452235
432,1.431353041373097
433,1.431325885454555
434,1.431298721692275
435,1.431271550081916
436,1.431244370619137
437,1.431217183299591
438,1.431189988118928
439,1.431162785072795
440,1.431135574156836
441,1.431108355366690
442,1.431081128697993
443,1.431053894146378
444,1.431026651707473
445,1.430999401376903
446,1.430972143150292
447,1.430944877023256
448,1.430917602991410
449,1.430890321050365
450,1.430863031195730
451,1.430835733423107
452,1.430808427728096
453,1.430781114106294
454,1.430753792553295
455,1.430726463064687
456,1.430699125636057
457,1.430671780262985
458,1.430644426941052
459,1.430617065665831
460,1.430589696432893
461,1.430562319237807
462,1.430534934076137
463,1.430507540943441
464,1.430480139835278
465,1.430452730747200
466,1.430425313674756
467,1.430397888613492
468,1.430370455558950
469,1.430343014506669
470,1.430315565452182
471,1.430288108391020
472,1.430260643318712
473,1.430233170230780
474,1.430205689122745
475,1.430178199990122
476,1.430150702828424
477,1.430123197633160
478,1.430095684399834
479,1.430068163123949
480,1.430040633801002
481,1.430013096426486
482,1.429985550995892
483,1.429957997504706
484,1.429930435948411
485,1.429902866322486
486,1.429875288622407
487,1.429847702843644
488,1.429820108981665
489,1.429792507031934
490,1.429764896989913
491,1.429737278851056
492,1.429709652610817
493,1.429682018264645
494,1.429654375807984
495,1.429626725236277
496,1.429599066544961
497,1.429571399729469
498,1.429543724785232
499,1.429516041707675
500,1.429488350492222
501,1.429460651134291
502,1.429432943629296
503,1.429405227972649
504,1.429377504159757
505,1.429349772186023
506,1.429322032046847
507,1.429294283737624
508,1.429266527253747
509,1.429238762590602
510,1.429210989743576
511,1.429183208708047
512,1.429155419479393
513,1.429127622052986
514,1.429099816424194
515,1.429072002588383
516,1.429044180540915
517,1.429016350277145
518,1.428988511792427
519,1.428960665082112
520,1.428932810141543
521,1.428904946966064
522,1.428877075551011
523,1.428849195891719
524,1.428821307983517
525,1.428793411821732
526,1.428765507401686
527,1.428737594718698
528,1.428709673768080
529,1.428681744545144
530,1.428653807045196
531,1.428625861263539
532,1.428597907195472
533,1.428569944836289
534,1.428541974181280
535,1.428513995225733
536,1.428486007964930
537,1.428458012394151
538,1.428430008508670
539,1.428401996303758
540,1.428373975774682
541,1.428345946916705
542,1.428317909725086
543,1.428289864195080
544,1.428261810321938
545,1.428233748100908
546,1.428205677527231
547,1.428177598596148
548,1.428149511302894
549,1.428121415642698
550,1.428093311610789
551,1.428065199202390
552,1.428037078412719
553,1.428008949236991
554,1.427980811670417
555,1.427952665708204
556,1.427924511345555
557,1.427896348577669
558,1.427868177399740
559,1.427839997806959
560,1.427811809794513
561,1.427783613357584
562,1.427755408491351
563,1.427727195190988
564,1.427698973451666
565,1.427670743268550
566,1.427642504636804
567,1.427614257551584
568,1.427586002008045
569,1.427557738001337
570,1.427529465526606
571,1.427501184578992
572,1.427472895153635
573,1.427444597245667
574,1.427416290850217
575,1.427387975962411
576,1.427359652577370
577,1.427331320690210
578,1.427302980296045
579,1.427274631389983
580,1.427246273967128
581,1.427217908022581
582,1.427189533551437
583,1.427161150548790
584,1.427132759009726
585,1.427104358929330
586,1.427075950302680
587,1.427047533124853
588,1.427019107390918
589,1.426990673095943
590,1.426962230234991
591,1.426933778803120
592,1.426905318795385
593,1.426876850206835
594,1.426848373032516
595,1.426819887267470
596,1.426791392906735
597,1.426762889945343
598,1.426734378378323
599,1.426705858200700
600,1.426677329407495
601,1.426648791993723
602,1.426620245954398
603,1.426591691284525
604,1.426563127979109
605,1.426534556033149
606,1.426505975441639
607,1.426477386199571
608,1.426448788301930
609,1.426420181743698
610,1.426391566519854
611,1.426362942625371
612,1.426334310055217
613,1.426305668804357
614,1.426277018867753
615,1.426248360240360
616,1.426219692917130
617,1.426191016893010
618,1.426162332162944
619,1.426133638721871
620,1.426104936564724
621,1.426076225686435
622,1.426047506081928
623,1.426018777746126
624,1.425990040673945
625,1.425961294860299
626,1.425932540300095
627,1.425903776988237
628,1.425875004919625
629,1.425846224089155
630,1.425817434491716
631,1.425788636122196
632,1.425759828975476
633,1.425731013046434
634,1.425702188329943
635,1.425673354820871
636,1.425644512514084
637,1.425615661404441
638,1.425586801486797
639,1.425557932756004
640,1.425529055206908
641,1.425500168834351
642,1.425471273633171
643,1.425442369598201
644,1.425413456724270
645,1.425384535006202
646,1.425355604438816
647,1.425326665016930
648,1.425297716735352
649,1.425268759588890
650,1.425239793572345
651,1.425210818680515
652,1.425181834908192
653,1.425152842250165
654,1.425123840701219
655,1.425094830256131
656,1.425065810909677
657,1.425036782656627
658,1.425007745491747
659,1.424978699409798
660,1.424949644405537
661,1.424920580473715
662,1.424891507609081
663,1.424862425806377
664,1.424833335060341
665,1.424804235365708
666,1.424775126717207
667,1.424746009109563
668,1.424716882537494
669,1.424687746995718
670,1.424658602478944
671,1.424629448981880
672,1.424600286499227
673,1.424571115025681
674,1.424541934555936
675,1.424512745084678
676,1.424483546606592
677,1.424454339116356
678,1.424425122608644
679,1.424395897078125
680,1.424366662519463
681,1.424337418927319
682,1.424308166296348
683,1.424278904621200
684,1.424249633896522
685,1.424220354116954
686,1.424191065277134
687,1.424161767371693
688,1.424132460395259
689,1.424103144342453
690,1.424073819207894
691,1.424044484986194
692,1.424015141671963
693,1.423985789259804
694,1.423956427744315
695,1.423927057120091
696,1.423897677381722
697,1.423868288523791
698,1.423838890540880
699,1.423809483427562
700,1.423780067178410
701,1.423750641787987
702,1.423721207250856
703,1.423691763561571
704,1.423662310714686
705,1.423632848704746
706,1.423603377526292
707,1.423573897173863
708,1.423544407641989
709,1.423514908925199
710,1.423485401018014
711,1.423455883914954
712,1.423426357610529
713,1.423396822099249
714,1.423367277375617
715,1.423337723434131
716,1.423308160269284
717,1.423278587875566
718,1.423249006247459
719,1.423219415379444
720,1.423189815265993
721,1.423160205901577
722,1.423130587280659
723,1.423100959397698
724,1.423071322247150
725,1.423041675823464
726,1.423012020121085
727,1.422982355134451
728,1.422952680858000
729,1.422922997286159
730,1.422893304413354
731,1.422863602234006
732,1.422833890742529
733,1.422804169933333
734,1.422774439800825
735,1.422744700339403
736,1.422714951543464
737,1.422685193407397
738,1.422655425925589
739,1.422625649092419
740,1.422595862902263
741,1.422566067349491
742,1.422536262428468
743,1.422506448133556
744,1.422476624459109
745,1.422446791399478
746,1.422416948949007
747,1.422387097102039
748,1.422357235852906
749,1.422327365195941
750,1.422297485125468
751,1.422267595635807
752,1.422237696721273
753,1.422207788376177
754,1.422177870594822
755,1.422147943371510
756,1.422118006700535
757,1.422088060576186
758,1.422058104992748
759,1.422028139944501
760,1.421998165425719
761,1.421968181430671
762,1.421938187953622
763,1.421908184988830
764,1.421878172530550
765,1.421848150573030
766,1.421818119110513
767,1.421788078137239
768,1.421758027647440
769,1.421727967635345
770,1.421697898095176
771,1.421667819021153
772,1.421637730407486
773,1.421607632248383
774,1.421577524538048
775,1.421547407270677
776,1.421517280440461
777,1.421487144041587
778,1.421456998068238
779,1.421426842514588
780,1.421396677374810
781,1.421366502643068
782,1.421336318313523
783,1.421306124380331
784,1.421275920837641
785,1.421245707679598
786,1.421215484900342
787,1.421185252494007
788,1.421155010454722
789,1.421124758776610
790,1.421094497453790
791,1.421064226480375
792,1.421033945850472
793,1.421003655558184
794,1.420973355597608
795,1.420943045962836
796,1.420912726647954
797,1.420882397647044
798,1.420852058954181
799,1.420821710563436
800,1.420791352468873
801,1.420760984664553
802,1.420730607144529
803,1.420700219902852
804,1.420669822933563
805,1.420639416230702
806,1.420608999788302
807,1.420578573600389
808,1.420548137660986
809,1.420517691964110
810,1.420487236503771
811,1.420456771273975
812,1.420426296268723
813,1.420395811482009
814,1.420365316907824
815,1.420334812540150
816,1.420304298372967
817,1.420273774400247
818,1.420243240615958
819,1.420212697014063
820,1.420182143588517
821,1.420151580333272
822,1.420121007242274
823,1.420090424309462
824,1.420059831528772
825,1.420029228894133
826,1.419998616399466
827,1.419967994038693
828,1.419937361805723
829,1.419906719694465
830,1.419876067698820
831,1.419845405812685
832,1.419814734029947
833,1.419784052344494
834,1.419753360750204
835,1.419722659240950
836,1.419691947810600
837,1.419661226453018
838,1.419630495162059
839,1.419599753931574
840,1.419569002755410
841,1.419538241627406
842,1.419507470541396
843,1.419476689491210
844,1.419445898470670
845,1.419415097473593
846,1.419384286493790
847,1.419353465525070
848,1.419322634561230
849,1.419291793596067
850,1.419260942623369
851,1.419230081636919
852,1.419199210630495
853,1.419168329597869
854,1.419137438532806
855,1.419106537429069
856,1.419075626280410
857,1.419044705080579
858,1.419013773823320
859,1.418982832502370
860,1.418951881111460
861,1.418920919644316
862,1.418889948094659
863,1.418858966456204
864,1.418827974722658
865,1.418796972887724
866,1.418765960945101
867,1.418734938888478
868,1.418703906711541
869,1.418672864407971
870,1.418641811971440
871,1.418610749395616
872,1.418579676674163
873,1.418548593800735
874,1.418517500768984
875,1.418486397572554
876,1.418455284205083
877,1.418424160660205
878,1.418393026931546
879,1.418361883012728
880,1.418330728897364
881,1.418299564579066
882,1.418268390051435
883,1.418237205308070
884,1.418206010342562
885,1.418174805148496
886,1.418143589719453
887,1.418112364049004
888,1.418081128130720
889,1.418049881958160
890,1.418018625524880
891,1.417987358824431
892,1.417956081850357
893,1.417924794596195
894,1.417893497055476
895,1.417862189221727
896,1.417830871088468
897,1.417799542649211
898,1.417768203897466
899,1.417736854826733
900,1.417705495430509
901,1.417674125702282
902,1.417642745635536
903,1.417611355223750
904,1.417579954460393
905,1.417548543338932
906,1.417517121852826
907,1.417485689995527
908,1.417454247760483
909,1.417422795141135
910,1.417391332130918
911,1.417359858723259
912,1.417328374911582
913,1.417296880689304
914,1.417265376049833
915,1.417233860986575
916,1.417202335492928
917,1.417170799562282
918,1.417139253188024
919,1.417107696363533
920,1.417076129082181
921,1.417044551337337
922,1.417012963122361
923,1.416981364430608
924,1.416949755255424
925,1.416918135590154
926,1.416886505428133
927,1.416854864762689
928,1.416823213587147
929,1.416791551894824
930,1.416759879679031
931,1.416728196933071
932,1.416696503650243
933,1.416664799823840
934,1.416633085447147
935,1.416601360513442
936,1.416569625016000
937,1.416537878948086
938,1.416506122302962
939,1.416474355073880
940,1.416442577254090
941,1.416410788836831
942,1.416378989815340
943,1.416347180182844
944,1.416315359932565
945,1.416283529057720
946,1.416251687551518
947,1.416219835407162
948,1.416187972617848
949,1.416156099176767
950,1.416124215077102
951,1.416092320312030
952,1.416060414874723
953,1.416028498758344
954,1.415996571956053
955,1.415964634460999
956,1.415932686266328
957,1.415900727365178
958,1.415868757750682
959,1.415836777415964
960,1.415804786354145
961,1.415772784558335
962,1.415740772021642
963,1.415708748737165
964,1.415676714697996
965,1.415644669897221
966,1.415612614327921
967,1.415580547983169
968,1.415548470856030
969,1.415516382939566
970,1.415484284226829
971,1.415452174710867
972,1.415420054384719
973,1.415387923241419
974,1.415355781273994
975,1.415323628475464
976,1.415291464838844
977,1.415259290357139
978,1.415227105023351
979,1.415194908830472
980,1.415162701771491
981,1.415130483839387
982,1.415098255027134
983,1.415066015327699
984,1.415033764734042
985,1.415001503239117
986,1.414969230835870
987,1.414936947517241
988,1.414904653276165
989,1.414872348105566
990,1.414840031998365
991,1.414807704947476
992,1.414775366945804
993,1.414743017986248
994,1.414710658061702
995,1.414678287165051
996,1.414645905289174
997,1.414613512426944
998,1.414581108571225
999,1.414548693714877
1000,1.414516267850751
1001,1.414483830971691
1002,1.414451383070537
1003,1.414418924140118
1004,1.414386454173260
1005,1.414353973162779
1006,1.414321481101486
1007,1.414288977982184
1008,1.414256463797670
1009,1.414223938540734
1010,1.414191402204159
1011,1.414158854780720
1012,1.414126296263185
1013,1.414093726644318
1014,1.414061145916872
1015,1.414028554073596
1016,1.413995951107231
1017,1.413963337010511
1018,1.413930711776162
1019,1.413898075396905
1020,1.413865427865452
1021,1.413832769174510
1022,1.413800099316776
1023,1.413767418284944
1024,1.413734726071696
1025,1.413702022669713
1026,1.413669308071663
1027,1.413636582270210
1028,1.413603845258012
1029,1.413571097027716
1030,1.413538337571965
1031,1.413505566883395
1032,1.413472784954632
1033,1.413439991778299
1034,1.413407187347008
1035,1.413374371653366
1036,1.413341544689973
1037,1.413308706449419
1038,1.413275856924291
1039,1.413242996107167
1040,1.413210123990615
1041,1.413177240567201
1042,1.413144345829480
1043,1.413111439770000
1044,1.413078522381304
1045,1.413045593655926
1046,1.413012653586392
1047,1.412979702165224
1048,1.412946739384933
1049,1.412913765238024
1050,1.412880779716996
1051,1.412847782814339
1052,1.412814774522537
1053,1.412781754834065
1054,1.412748723741392
1055,1.412715681236980
1056,1.412682627313282
1057,1.412649561962745
1058,1.412616485177809
1059,1.412583396950905
1060,1.412550297274458
1061,1.412517186140884
1062,1.412484063542594
1063,1.412450929471989
1064,1.412417783921464
1065,1.412384626883407
1066,1.412351458350198
1067,1.412318278314209
1068,1.412285086767805
1069,1.412251883703343
1070,1.412218669113174
1071,1.412185442989639
1072,1.412152205325075
1073,1.412118956111807
1074,1.412085695342158
1075,1.412052423008438
1076,1.412019139102952
1077,1.411985843617999
1078,1.411952536545867
1079,1.411919217878839
1080,1.411885887609189
1081,1.411852545729184
1082,1.411819192231084
1083,1.411785827107141
1084,1.411752450349598
1085,1.411719061950692
1086,1.411685661902651
1087,1.411652250197698
1088,1.411618826828045
1089,1.411585391785899
1090,1.411551945063457
1091,1.411518486652910
1092,1.411485016546440
1093,1.411451534736223
1094,1.411418041214426
1095,1.411384535973209
1096,1.411351019004723
1097,1.411317490301113
1098,1.411283949854514
1099,1.411250397657055
1100,1.411216833700857
1101,1.411183257978033
1102,1.411149670480688
1103,1.411116071200920
1104,1.411082460130817
1105,1.411048837262461
1106,1.411015202587927
1107,1.410981556099279
1108,1.410947897788577
1109,1.410914227647870
1110,1.410880545669200
1111,1.410846851844603
1112,1.410813146166104
1113,1.410779428625722
1114,1.410745699215468
1115,1.410711957927344
1116,1.410678204753345
1117,1.410644439685458
1118,1.410610662715661
1119,1.410576873835926
1120,1.410543073038215
1121,1.410509260314483
1122,1.410475435656676
1123,1.410441599056734
1124,1.410407750506588
1125,1.410373889998159
1126,1.410340017523363
1127,1.410306133074106
1128,1.410272236642287
1129,1.410238328219796
1130,1.410204407798515
1131,1.410170475370318
1132,1.410136530927072
1133,1.410102574460634
1134,1.410068605962855
1135,1.410034625425575
1136,1.410000632840628
1137,1.409966628199840
1138,1.409932611495028
1139,1.409898582718000
1140,1.409864541860557
1141,1.409830488914492
1142,1.409796423871589
1143,1.409762346723624
1144,1.409728257462365
1145,1.409694156079570
1146,1.409660042566992
1147,1.409625916916373
1148,1.409591779119448
1149,1.409557629167943
1150,1.409523467053577
1151,1.409489292768058
1152,1.409455106303088
1153,1.409420907650361
1154,1.409386696801560
1155,1.409352473748363
1156,1.409318238482437
1157,1.409283990995440
1158,1.409249731279026
1159,1.409215459324835
1160,1.409181175124503
1161,1.409146878669654
1162,1.409112569951908
1163,1.409078248962871
1164,1.409043915694145
1165,1.409009570137322
1166,1.408975212283984
1167,1.408940842125707
1168,1.408906459654057
1169,1.408872064860593
1170,1.408837657736863
1171,1.408803238274408
1172,1.408768806464760
1173,1.408734362299443
1174,1.408699905769971
1175,1.408665436867852
1176,1.408630955584584
1177,1.408596461911654
1178,1.408561955840544
1179,1.408527437362726
1180,1.408492906469663
1181,1.408458363152809
1182,1.408423807403611
1183,1.408389239213505
1184,1.408354658573920
1185,1.408320065476277
1186,1.408285459911985
1187,1.408250841872448
1188,1.408216211349058
1189,1.408181568333200
1190,1.408146912816252
1191,1.408112244789579
1192,1.408077564244541
1193,1.408042871172486
1194,1.408008165564756
1195,1.407973447412683
1196,1.407938716707590
1197,1.407903973440790
1198,1.407869217603591
1199,1.407834449187287
1200,1.407799668183167
1201,1.407764874582509
1202,1.407730068376583
1203,1.407695249556650
1204,1.407660418113962
1205,1.407625574039762
1206,1.407590717325284
1207,1.407555847961753
1208,1.407520965940385
1209,1.407486071252386
1210,1.407451163888956
1211,1.407416243841283
1212,1.407381311100547
1213,1.407346365657918
1214,1.407311407504559
1215,1.407276436631623
1216,1.407241453030253
1217,1.407206456691583
1218,1.407171447606740
1219,1.407136425766839
1220,1.407101391162988
1221,1.407066343786284
1222,1.407031283627818
1223,1.406996210678667
1224,1.406961124929903
1225,1.406926026372588
1226,1.406890914997772
1227,1.406855790796500
1228,1.406820653759804
1229,1.406785503878710
1230,1.406750341144232
1231,1.406715165547376
1232,1.406679977079139
1233,1.406644775730508
1234,1.406609561492461
1235,1.406574334355966
1236,1.406539094311983
1237,1.406503841351462
1238,1.406468575465343
1239,1.406433296644557
1240,1.406398004880027
1241,1.406362700162665
1242,1.406327382483373
1243,1.406292051833046
1244,1.406256708202567
1245,1.406221351582810
1246,1.406185981964642
1247,1.406150599338918
1248,1.406115203696483
1249,1.406079795028176
1250,1.406044373324822
1251,1.406008938577241
1252,1.405973490776238
1253,1.405938029912614
1254,1.405902555977157
1255,1.405867068960647
1256,1.405831568853853
1257,1.405796055647536
1258,1.405760529332445
1259,1.405724989899323
1260,1.405689437338900
1261,1.405653871641898
1262,1.405618292799028
1263,1.405582700800993
1264,1.405547095638486
1265,1.405511477302190
1266,1.405475845782776
1267,1.405440201070909
1268,1.405404543157242
1269,1.405368872032420
1270,1.405333187687075
1271,1.405297490111832
1272,1.405261779297307
1273,1.405226055234102
1274,1.405190317912813
1275,1.405154567324025
1276,1.405118803458312
1277,1.405083026306241
1278,1.405047235858365
1279,1.405011432105231
1280,1.404975615037374
1281,1.404939784645319
1282,1.404903940919581
1283,1.404868083850667
1284,1.404832213429072
1285,1.404796329645281
1286,1.404760432489771
1287,1.404724521953005
1288,1.404688598025441
1289,1.404652660697524
1290,1.404616709959688
1291,1.404580745802360
1292,1.404544768215954
1293,1.404508777190875
1294,1.404472772717520
1295,1.404436754786272
1296,1.404400723387506
1297,1.404364678511587
1298,1.404328620148870
1299,1.404292548289698
1300,1.404256462924405
1301,1.404220364043316
1302,1.404184251636744
1303,1.404148125694993
1304,1.404111986208354
1305,1.404075833167112
1306,1.404039666561538
1307,1.404003486381896
1308,1.403967292618435
1309,1.403931085261400
1310,1.403894864301019
1311,1.403858629727516
1312,1.403822381531099
1313,1.403786119701969
1314,1.403749844230315
1315,1.403713555106317
1316,1.403677252320145
1317,1.403640935861955
1318,1.403604605721896
1319,1.403568261890106
1320,1.403531904356711
1321,1.403495533111828
1322,1.403459148145562
1323,1.403422749448010
1324,1.403386337009256
1325,1.403349910819374
1326,1.403313470868428
1327,1.403277017146471
1328,1.403240549643546
1329,1.403204068349684
1330,1.403167573254906
1331,1.403131064349224
1332,1.403094541622637
1333,1.403058005065134
1334,1.403021454666693
1335,1.402984890417284
1336,1.402948312306862
1337,1.402911720325373
1338,1.402875114462754
1339,1.402838494708930
1340,1.402801861053813
1341,1.402765213487308
1342,1.402728551999306
1343,1.402691876579690
1344,1.402655187218330
1345,1.402618483905085
1346,1.402581766629804
1347,1.402545035382327
1348,1.402508290152479
1349,1.402471530930076
1350,1.402434757704925
1351,1.402397970466819
1352,1.402361169205541
1353,1.402324353910864
1354,1.402287524572549
1355,1.402250681180346
1356,1.402213823723995
1357,1.402176952193224
1358,1.402140066577749
1359,1.402103166867277
1360,1.402066253051502
1361,1.402029325120109
1362,1.401992383062770
1363,1.401955426869147
1364,1.401918456528889
1365,1.401881472031636
1366,1.401844473367016
1367,1.401807460524645
1368,1.401770433494130
1369,1.401733392265064
1370,1.401696336827030
1371,1.401659267169600
1372,1.401622183282334
1373,1.401585085154782
1374,1.401547972776482
1375,1.401510846136959
1376,1.401473705225728
1377,1.401436550032295
1378,1.401399380546149
1379,1.401362196756774
1380,1.401324998653638
1381,1.401287786226199
1382,1.401250559463903
1383,1.401213318356186
1384,1.401176062892472
1385,1.401138793062172
1386,1.401101508854687
1387,1.401064210259406
1388,1.401026897265706
1389,1.400989569862954
1390,1.400952228040504
1391,1.400914871787698
1392,1.400877501093868
1393,1.400840115948333
1394,1.400802716340400
1395,1.400765302259366
1396,1.400727873694515
1397,1.400690430635121
1398,1.400652973070443
1399,1.400615500989731
1400,1.400578014382223
1401,1.400540513237144
1402,1.400502997543708
1403,1.400465467291118
1404,1.400427922468563
1405,1.400390363065223
1406,1.400352789070262
1407,1.400315200472838
1408,1.400277597262091
1409,1.400239979427153
1410,1.400202346957143
1411,1.400164699841168
1412,1.400127038068323
1413,1.400089361627691
1414,1.400051670508343
1415,1.400013964699337
1416,1.399976244189722
1417,1.399938508968532
1418,1.399900759024790
1419,1.399862994347507
1420,1.399825214925681
1421,1.399787420748299
1422,1.399749611804335
1423,1.399711788082752
1424,1.399673949572499
1425,1.399636096262516
1426,1.399598228141726
1427,1.399560345199045
1428,1.399522447423372
1429,1.399484534803598
1430,1.399446607328597
1431,1.399408664987236
1432,1.399370707768366
1433,1.399332735660826
1434,1.399294748653445
1435,1.399256746735037
1436,1.399218729894405
1437,1.399180698120338
1438,1.399142651401615
1439,1.399104589727000
1440,1.399066513085248
1441,1.399028421465098
1442,1.398990314855277
1443,1.398952193244502
1444,1.398914056621475
1445,1.398875904974887
1446,1.398837738293414
1447,1.398799556565723
1448,1.398761359780466
1449,1.398723147926281
1450,1.398684920991798
1451,1.398646678965630
1452,1.398608421836379
1453,1.398570149592634
1454,1.398531862222972
1455,1.398493559715956
1456,1.398455242060137
1457,1.398416909244054
1458,1.398378561256232
1459,1.398340198085182
1460,1.398301819719406
1461,1.398263426147390
1462,1.398225017357607
1463,1.398186593338520
1464,1.398148154078575
1465,1.398109699566208
1466,1.398071229789842
1467,1.398032744737886
1468,1.397994244398736
1469,1.397955728760776
1470,1.397917197812375
1471,1.397878651541891
1472,1.397840089937669
1473,1.397801512988039
1474,1.397762920681318
1475,1.397724313005814
1476,1.397685689949816
1477,1.397647051501603
1478,1.397608397649442
1479,1.397569728381583
1480,1.397531043686266
1481,1.397492343551717
1482,1.397453627966148
1483,1.397414896917758
1484,1.397376150394734
1485,1.397337388385246
1486,1.397298610877457
1487,1.397259817859509
1488,1.397221009319537
1489,1.397182185245659
1490,1.397143345625982
1491,1.397104490448596
1492,1.397065619701581
1493,1.397026733373003
1494,1.396987831450913
1495,1.396948913923348
1496,1.396909980778335
1497,1.396871032003884
1498,1.396832067587992
1499,1.396793087518644
1500,1.396754091783810
1501,1.396715080371447
1502,1.396676053269498
1503,1.396637010465891
1504,1.396597951948543
1505,1.396558877705356
1506,1.396519787724218
1507,1.396480681993003
1508,1.396441560499572
1509,1.396402423231771
1510,1.396363270177434
1511,1.396324101324381
1512,1.396284916660415
1513,1.396245716173329
1514,1.396206499850900
1515,1.396167267680891
1516,1.396128019651053
1517,1.396088755749120
1518,1.396049475962815
1519,1.396010180279845
1520,1.395970868687903
1521,1.395931541174670
1522,1.395892197727810
1523,1.395852838334975
1524,1.395813462983802
1525,1.395774071661914
1526,1.395734664356920
1527,1.395695241056415
1528,1.395655801747979
1529,1.395616346419178
1530,1.395576875057565
1531,1.395537387650678
1532,1.395497884186039
1533,1.395458364651158
1534,1.395418829033530
1535,1.395379277320634
1536,1.395339709499938
1537,1.395300125558893
1538,1.395260525484936
1539,1.395220909265490
1540,1.395181276887963
1541,1.395141628339749
1542,1.395101963608227
1543,1.395062282680763
1544,1.395022585544705
1545,1.394982872187391
1546,1.394943142596140
1547,1.394903396758261
1548,1.394863634661043
1549,1.394823856291764
1550,1.394784061637687
1551,1.394744250686060
1552,1.394704423424115
1553,1.394664579839070
1554,1.394624719918129
1555,1.394584843648481
1556,1.394544951017300
1557,1.394505042011743
1558,1.394465116618956
1559,1.394425174826067
1560,1.394385216620192
1561,1.394345241988428
1562,1.394305250917861
1563,1.394265243395560
1564,1.394225219408578
1565,1.394185178943957
1566,1.394145121988719
1567,1.394105048529874
1568,1.394064958554417
1569,1.394024852049325
1570,1.393984729001563
1571,1.393944589398080
1572,1.393904433225809
1573,1.393864260471668
1574,1.393824071122560
1575,1.393783865165373
1576,1.393743642586980
1577,1.393703403374237
1578,1.393663147513987
1579,1.393622874993055
1580,1.393582585798253
1581,1.393542279916377
1582,1.393501957334206
1583,1.393461618038506
1584,1.393421262016025
1585,1.393380889253499
1586,1.393340499737644
1587,1.393300093455163
1588,1.393259670392744
1589,1.393219230537058
1590,1.393178773874762
1591,1.393138300392494
1592,1.393097810076881
1593,1.393057302914531
1594,1.393016778892036
1595,1.392976237995975
1596,1.392935680212910
1597,1.392895105529385
1598,1.392854513931931
1599,1.392813905407063
1600,1.392773279941279
1601,1.392732637521060
1602,1.392691978132875
1603,1.392651301763172
1604,1.392610608398388
1605,1.392569898024940
1606,1.392529170629232
1607,1.392488426197649
1608,1.392447664716562
1609,1.392406886172327
1610,1.392366090551280
1611,1.392325277839745
1612,1.392284448024028
1613,1.392243601090417
1614,1.392202737025187
1615,1.392161855814595
1616,1.392120957444883
1617,1.392080041902275
1618,1.392039109172979
1619,1.391998159243187
1620,1.391957192099077
1621,1.391916207726806
1622,1.391875206112518
1623,1.391834187242339
1624,1.391793151102380
1625,1.391752097678734
1626,1.391711026957478
1627,1.391669938924672
1628,1.391628833566360
1629,1.391587710868570
1630,1.391546570817313
1631,1.391505413398581
1632,1.391464238598354
1633,1.391423046402591
1634,1.391381836797235
1635,1.391340609768215
1636,1.391299365301441
1637,1.391258103382806
1638,1.391216823998187
1639,1.391175527133444
1640,1.391134212774419
1641,1.391092880906939
1642,1.391051531516813
1643,1.391010164589833
1644,1.390968780111774
1645,1.390927378068393
1646,1.390885958445433
1647,1.390844521228617
1648,1.390803066403652
1649,1.390761593956227
1650,1.390720103872016
1651,1.390678596136673
1652,1.390637070735837
1653,1.390595527655128
1654,1.390553966880151
1655,1.390512388396490
1656,1.390470792189717
1657,1.390429178245382
1658,1.390387546549019
1659,1.390345897086145
1660,1.390304229842261
1661,1.390262544802847
1662,1.390220841953367
1663,1.390179121279271
1664,1.390137382765986
1665,1.390095626398924
1666,1.390053852163480
1667,1.390012060045030
1668,1.389970250028933
1669,1.389928422100531
1670,1.389886576245147
1671,1.389844712448087
1672,1.389802830694638
1673,1.389760930970071
1674,1.389719013259639
1675,1.389677077548576
1676,1.389635123822099
1677,1.389593152065405
1678,1.389551162263677
1679,1.389509154402077
1680,1.389467128465750
1681,1.389425084439822
1682,1.389383022309403
1683,1.389340942059583
1684,1.389298843675434
1685,1.389256727142011
1686,1.389214592444350
1687,1.389172439567469
1688,1.389130268496368
1689,1.389088079216028
1690,1.389045871711413
1691,1.389003645967467
1692,1.388961401969117
1693,1.388919139701272
1694,1.388876859148821
1695,1.388834560296634
1696,1.388792243129565
1697,1.388749907632449
1698,1.388707553790102
1699,1.388665181587319
1700,1.388622791008881
1701,1.388580382039547
1702,1.388537954664058
1703,1.388495508867138
1704,1.388453044633490
1705,1.388410561947799
1706,1.388368060794732
1707,1.388325541158937
1708,1.388283003025043
1709,1.388240446377659
1710,1.388197871201376
1711,1.388155277480768
1712,1.388112665200386
1713,1.388070034344766
1714,1.388027384898422
1715,1.387984716845850
1716,1.387942030171529
1717,1.387899324859915
1718,1.387856600895448
1719,1.387813858262547
1720,1.387771096945613
1721,1.387728316929026
1722,1.387685518197150
1723,1.387642700734326
1724,1.387599864524879
1725,1.387557009553111
1726,1.387514135803308
1727,1.387471243259734
1728,1.387428331906636
1729,1.387385401728240
1730,1.387342452708752
1731,1.387299484832360
1732,1.387256498083231
1733,1.387213492445513
1734,1.387170467903335
1735,1.387127424440805
1736,1.387084362042012
1737,1.387041280691025
1738,1.386998180371894
1739,1.386955061068648
1740,1.386911922765298
1741,1.386868765445832
1742,1.386825589094222
1743,1.386782393694416
1744,1.386739179230346
1745,1.386695945685920
1746,1.386652693045030
1747,1.386609421291546
1748,1.386566130409316
1749,1.386522820382172
1750,1.386479491193922
1751,1.386436142828355
1752,1.386392775269242
1753,1.386349388500330
1754,1.386305982505349
1755,1.386262557268006
1756,1.386219112771990
1757,1.386175649000967
1758,1.386132165938586
1759,1.386088663568472
1760,1.386045141874231
1761,1.386001600839450
1762,1.385958040447692
1763,1.385914460682503
1764,1.385870861527405
1765,1.385827242965902
1766,1.385783604981477
1767,1.385739947557590
1768,1.385696270677683
1769,1.385652574325176
1770,1.385608858483467
1771,1.385565123135935
1772,1.385521368265937
1773,1.385477593856809
1774,1.385433799891868
1775,1.385389986354406
1776,1.385346153227698
1777,1.385302300494996
1778,1.385258428139531
1779,1.385214536144513
1780,1.385170624493130
1781,1.385126693168550
1782,1.385082742153919
1783,1.385038771432362
1784,1.384994780986983
1785,1.384950770800864
1786,1.384906740857066
1787,1.384862691138627
1788,1.384818621628567
1789,1.384774532309881
1790,1.384730423165544
1791,1.384686294178509
1792,1.384642145331707
1793,1.384597976608050
1794,1.384553787990425
1795,1.384509579461698
1796,1.384465351004714
1797,1.384421102602296
1798,1.384376834237245
1799,1.384332545892340
1800,1.384288237550339
1801,1.384243909193977
1802,1.384199560805967
1803,1.384155192369000
1804,1.384110803865746
1805,1.384066395278851
1806,1.384021966590942
1807,1.383977517784619
1808,1.383933048842465
1809,1.383888559747037
1810,1.383844050480871
1811,1.383799521026482
1812,1.383754971366359
1813,1.383710401482973
1814,1.383665811358770
1815,1.383621200976174
1816,1.383576570317586
1817,1.383531919365385
1818,1.383487248101927
1819,1.383442556509547
1820,1.383397844570555
1821,1.383353112267239
1822,1.383308359581866
1823,1.383263586496678
1824,1.383218792993894
1825,1.383173979055712
1826,1.383129144664307
1827,1.383084289801829
1828,1.383039414450407
1829,1.382994518592145
1830,1.382949602209127
1831,1.382904665283411
1832,1.382859707797033
1833,1.382814729732005
1834,1.382769731070319
1835,1.382724711793939
1836,1.382679671884809
1837,1.382634611324848
1838,1.382589530095953
1839,1.382544428179997
1840,1.382499305558828
1841,1.382454162214274
1842,1.382408998128136
1843,1.382363813282192
1844,1.382318607658200
1845,1.382273381237889
1846,1.382228134002967
1847,1.382182865935120
1848,1.382137577016006
1849,1.382092267227264
1850,1.382046936550504
1851,1.382001584967316
1852,1.381956212459265
1853,1.381910819007892
1854,1.381865404594713
1855,1.381819969201221
1856,1.381774512808884
1857,1.381729035399148
1858,1.381683536953432
1859,1.381638017453132
1860,1.381592476879620
1861,1.381546915214244
1862,1.381501332438327
1863,1.381455728533167
1864,1.381410103480038
1865,1.381364457260191
1866,1.381318789854850
1867,1.381273101245216
1868,1.381227391412466
1869,1.381181660337750
1870,1.381135908002195
1871,1.381090134386904
1872,1.381044339472953
1873,1.380998523241394
1874,1.380952685673256
1875,1.380906826749540
1876,1.380860946451225
1877,1.380815044759263
1878,1.380769121654581
1879,1.380723177118081
1880,1.380677211130643
1881,1.380631223673116
1882,1.380585214726329
1883,1.380539184271083
1884,1.380493132288155
1885,1.380447058758295
1886,1.380400963662229
1887,1.380354846980657
1888,1.380308708694254
1889,1.380262548783670
1890,1.380216367229527
1891,1.380170164012424
1892,1.380123939112933
1893,1.380077692511601
1894,1.380031424188949
1895,1.379985134125471
1896,1.379938822301638
1897,1.379892488697892
1898,1.379846133294650
1899,1.379799756072305
1900,1.379753357011222
1901,1.379706936091739
1902,1.379660493294171
1903,1.379614028598805
1904,1.379567541985900
1905,1.379521033435693
1906,1.379474502928390
1907,1.379427950444175
1908,1.379381375963203
1909,1.379334779465603
1910,1.379288160931478
1911,1.379241520340903
1912,1.379194857673929
1913,1.379148172910578
1914,1.379101466030847
1915,1.379054737014705
1916,1.379007985842095
1917,1.378961212492933
1918,1.378914416947108
1919,1.378867599184482
1920,1.378820759184891
1921,1.378773896928143
1922,1.378727012394019
1923,1.378680105562273
1924,1.378633176412633
1925,1.378586224924797
1926,1.378539251078439
1927,1.378492254853203
1928,1.378445236228708
1929,1.378398195184544
1930,1.378351131700274
1931,1.378304045755434
1932,1.378256937329532
1933,1.378209806402048
1934,1.378162652952436
1935,1.378115476960119
1936,1.378068278404497
1937,1.378021057264938
1938,1.377973813520784
1939,1.377926547151349
1940,1.377879258135919
1941,1.377831946453753
1942,1.377784612084080
1943,1.377737255006101
1944,1.377689875198992
1945,1.377642472641898
1946,1.377595047313935
1947,1.377547599194194
1948,1.377500128261734
1949,1.377452634495589
1950,1.377405117874761
1951,1.377357578378228
1952,1.377310015984935
1953,1.377262430673801
1954,1.377214822423716
1955,1.377167191213541
1956,1.377119537022107
1957,1.377071859828220
1958,1.377024159610652
1959,1.376976436348151
1960,1.376928690019432
1961,1.376880920603184
1962,1.376833128078066
1963,1.376785312422707
1964,1.376737473615707
1965,1.376689611635638
1966,1.376641726461042
1967,1.376593818070432
1968,1.376545886442291
1969,1.376497931555073
1970,1.376449953387202
1971,1.376401951917074
1972,1.376353927123054
1973,1.376305878983477
1974,1.376257807476649
1975,1.376209712580847
1976,1.376161594274318
1977,1.376113452535278
1978,1.376065287341913
1979,1.376017098672381
1980,1.375968886504808
1981,1.375920650817291
1982,1.375872391587897
1983,1.375824108794662
1984,1.375775802415592
1985,1.375727472428663
1986,1.375679118811821
1987,1.375630741542980
1988,1.375582340600026
1989,1.375533915960814
1990,1.375485467603165
1991,1.375436995504874
1992,1.375388499643702
1993,1.375339979997382
1994,1.375291436543614
1995,1.375242869260068
1996,1.375194278124384
1997,1.375145663114169
1998,1.375097024207001
1999,1.375048361380425
2000,1.374999674611957
2001,1.374950963879080
2002,1.374902229159247
2003,1.374853470429880
2004,1.374804687668366
2005,1.374755880852067
2006,1.374707049958307
2007,1.374658194964384
2008,1.374609315847560
2009,1.374560412585067
2010,1.374511485154108
2011,1.374462533531849
2012,1.374413557695428
2013,1.374364557621950
2014,1.374315533288489
2015,1.374266484672084
2016,1.374217411749747
2017,1.374168314498452
2018,1.374119192895146
2019,1.374070046916741
2020,1.374020876540116
2021,1.373971681742120
2022,1.373922462499569
2023,1.373873218789245
2024,1.373823950587899
2025,1.373774657872249
2026,1.373725340618979
2027,1.373675998804744
2028,1.373626632406161
2029,1.373577241399820
2030,1.373527825762272
2031,1.373478385470040
2032,1.373428920499611
2033,1.373379430827441
2034,1.373329916429951
2035,1.373280377283530
2036,1.373230813364533
2037,1.373181224649283
2038,1.373131611114068
2039,1.373081972735143
2040,1.373032309488730
2041,1.372982621351017
2042,1.372932908298159
2043,1.372883170306276
2044,1.372833407351456
2045,1.372783619409752
2046,1.372733806457182
2047,1.372683968469733
2048,1.372634105423355
2049,1.372584217293966
2050,1.372534304057450
2051,1.372484365689654
2052,1.372434402166394
2053,1.372384413463450
2054,1.372334399556568
2055,1.372284360421459
2056,1.372234296033800
2057,1.372184206369234
2058,1.372134091403368
2059,1.372083951111774
2060,1.372033785469992
2061,1.371983594453525
2062,1.371933378037840
2063,1.371883136198372
2064,1.371832868910518
2065,1.371782576149642
2066,1.371732257891072
2067,1.371681914110100
2068,1.371631544781984
2069,1.371581149881946
2070,1.371530729385173
2071,1.371480283266815
2072,1.371429811501989
2073,1.371379314065774
2074,1.371328790933213
2075,1.371278242079317
2076,1.371227667479056
2077,1.371177067107368
2078,1.371126440939152
2079,1.371075788949275
2080,1.371025111112563
2081,1.370974407403809
2082,1.370923677797769
2083,1.370872922269163
2084,1.370822140792674
2085,1.370771333342948
2086,1.370720499894595
2087,1.370669640422189
2088,1.370618754900267
2089,1.370567843303329
2090,1.370516905605839
2091,1.370465941782222
2092,1.370414951806867
2093,1.370363935654129
2094,1.370312893298320
2095,1.370261824713720
2096,1.370210729874570
2097,1.370159608755073
2098,1.370108461329395
2099,1.370057287571664
2100,1.370006087455973
2101,1.369954860956374
2102,1.369903608046882
2103,1.369852328701478
2104,1.369801022894100
2105,1.369749690598651
2106,1.369698331788995
2107,1.369646946438958
2108,1.369595534522330
2109,1.369544096012860
2110,1.369492630884259
2111,1.369441139110202
2112,1.369389620664323
2113,1.369338075520218
2114,1.369286503651447
2115,1.369234905031528
2116,1.369183279633941
2117,1.369131627432129
2118,1.369079948399495
2119,1.369028242509403
2120,1.368976509735177
2121,1.368924750050105
2122,1.368872963427432
2123,1.368821149840366
2124,1.368769309262077
2125,1.368717441665691
2126,1.368665547024300
2127,1.368613625310952
2128,1.368561676498659
2129,1.368509700560390
2130,1.368457697469077
2131,1.368405667197610
2132,1.368353609718841
2133,1.368301525005581
2134,1.368249413030600
2135,1.368197273766630
2136,1.368145107186360
2137,1.368092913262442
2138,1.368040691967485
2139,1.367988443274058
2140,1.367936167154691
2141,1.367883863581870
2142,1.367831532528045
2143,1.367779173965622
2144,1.367726787866966
2145,1.367674374204402
2146,1.367621932950215
2147,1.367569464076646
2148,1.367516967555898
2149,1.367464443360130
2150,1.367411891461462
2151,1.367359311831972
2152,1.367306704443694
2153,1.367254069268623
2154,1.367201406278713
2155,1.367148715445873
2156,1.367095996741974
2157,1.367043250138842
2158,1.366990475608262
2159,1.366937673121977
2160,1.366884842651689
2161,1.366831984169055
2162,1.366779097645693
2163,1.366726183053176
2164,1.366673240363034
2165,1.366620269546758
2166,1.366567270575793
2167,1.366514243421542
2168,1.366461188055367
2169,1.366408104448583
2170,1.366354992572467
2171,1.366301852398248
2172,1.366248683897116
2173,1.366195487040216
2174,1.366142261798648
2175,1.366089008143472
2176,1.366035726045702
2177,1.365982415476308
2178,1.365929076406218
2179,1.365875708806316
2180,1.365822312647441
2181,1.365768887900389
2182,1.365715434535911
2183,1.365661952524715
2184,1.365608441837464
2185,1.365554902444777
2186,1.365501334317229
2187,1.365447737425349
2188,1.365394111739623
2189,1.365340457230491
2190,1.365286773868351
2191,1.365233061623552
2192,1.365179320466401
2193,1.365125550367159
2194,1.365071751296043
2195,1.365017923223222
2196,1.364964066118823
2197,1.364910179952925
2198,1.364856264695564
2199,1.364802320316728
2200,1.364748346786361
2201,1.364694344074361
2202,1.364640312150578
2203,1.364586250984819
2204,1.364532160546845
2205,1.364478040806367
2206,1.364423891733055
2207,1.364369713296529
2208,1.364315505466363
2209,1.364261268212086
2210,1.364207001503180
2211,1.364152705309080
2212,1.364098379599173
2213,1.364044024342801
2214,1.363989639509258
2215,1.363935225067792
2216,1.363880780987602
2217,1.363826307237841
2218,1.363771803787615
2219,1.363717270605981
2220,1.363662707661951
2221,1.363608114924486
2222,1.363553492362502
2223,1.363498839944866
2224,1.363444157640398
2225,1.363389445417868
2226,1.363334703245999
2227,1.363279931093467
2228,1.363225128928898
2229,1.363170296720870
2230,1.363115434437912
2231,1.363060542048506
2232,1.363005619521083
2233,1.362950666824028
2234,1.362895683925674
2235,1.362840670794307
2236,1.362785627398164
2237,1.362730553705431
2238,1.362675449684246
2239,1.362620315302697
2240,1.362565150528824
2241,1.362509955330615
2242,1.362454729676010
2243,1.362399473532899
2244,1.362344186869121
2245,1.362288869652465
2246,1.362233521850671
2247,1.362178143431429
2248,1.362122734362378
2249,1.362067294611105
2250,1.362011824145148
2251,1.361956322931996
2252,1.361900790939084
2253,1.361845228133797
2254,1.361789634483471
2255,1.361734009955390
2256,1.361678354516784
2257,1.361622668134836
2258,1.361566950776674
2259,1.361511202409378
2260,1.361455422999973
2261,1.361399612515435
2262,1.361343770922686
2263,1.361287898188598
2264,1.361231994279989
2265,1.361176059163626
2266,1.361120092806224
2267,1.361064095174446
2268,1.361008066234900
2269,1.360952005954144
2270,1.360895914298683
2271,1.360839791234967
2272,1.360783636729397
2273,1.360727450748317
2274,1.360671233258021
2275,1.360614984224747
2276,1.360558703614682
2277,1.360502391393958
2278,1.360446047528654
2279,1.360389671984795
2280,1.360333264728353
2281,1.360276825725246
2282,1.360220354941336
2283,1.360163852342434
2284,1.360107317894293
2285,1.360050751562616
2286,1.359994153313048
2287,1.359937523111181
2288,1.359880860922551
2289,1.359824166712642
2290,1.359767440446880
2291,1.359710682090637
2292,1.359653891609230
2293,1.359597068967921
2294,1.359540214131916
2295,1.359483327066366
2296,1.359426407736366
2297,1.359369456106954
2298,1.359312472143116
2299,1.359255455809777
2300,1.359198407071810
2301,1.359141325894028
2302,1.359084212241193
2303,1.359027066078004
2304,1.358969887369109
2305,1.358912676079095
2306,1.358855432172496
2307,1.358798155613786
2308,1.358740846367383
2309,1.358683504397649
2310,1.358626129668887
2311,1.358568722145343
2312,1.358511281791206
2313,1.358453808570606
2314,1.358396302447617
2315,1.358338763386255
2316,1.358281191350475
2317,1.358223586304178
2318,1.358165948211203
2319,1.358108277035334
2320,1.358050572740293
2321,1.357992835289746
2322,1.357935064647299
2323,1.357877260776500
2324,1.357819423640836
2325,1.357761553203737
2326,1.357703649428572
2327,1.357645712278653
2328,1.357587741717229
2329,1.357529737707492
2330,1.357471700212572
2331,1.357413629195543
2332,1.357355524619414
2333,1.357297386447136
2334,1.357239214641601
2335,1.357181009165640
2336,1.357122769982021
2337,1.357064497053453
2338,1.357006190342585
2339,1.356947849812004
2340,1.356889475424236
2341,1.356831067141745
2342,1.356772624926936
2343,1.356714148742149
2344,1.356655638549667
2345,1.356597094311705
2346,1.356538515990422
2347,1.356479903547912
2348,1.356421256946208
2349,1.356362576147278
2350,1.356303861113031
2351,1.356245111805312
2352,1.356186328185904
2353,1.356127510216525
2354,1.356068657858832
2355,1.356009771074418
2356,1.355950849824814
2357,1.355891894071485
2358,1.355832903775836
2359,1.355773878899206
2360,1.355714819402869
2361,1.355655725248038
2362,1.355596596395860
2363,1.355537432807418
2364,1.355478234443732
2365,1.355419001265756
2366,1.355359733234379
2367,1.355300430310427
2368,1.355241092454659
2369,1.355181719627770
2370,1.355122311790390
2371,1.355062868903083
2372,1.355003390926349
2373,1.354943877820619
2374,1.354884329546261
2375,1.354824746063577
2376,1.354765127332802
2377,1.354705473314105
2378,1.354645783967588
2379,1.354586059253288
2380,1.354526299131174
2381,1.354466503561148
2382,1.354406672503046
2383,1.354346805916637
2384,1.354286903761622
2385,1.354226965997635
2386,1.354166992584241
2387,1.354106983480940
2388,1.354046938647161
2389,1.353986858042268
2390,1.353926741625556
2391,1.353866589356249
2392,1.353806401193506
2393,1.353746177096416
2394,1.353685917024000
2395,1.353625620935207
2396,1.353565288788922
2397,1.353504920543956
2398,1.353444516159053
2399,1.353384075592888
2400,1.353323598804065
2401,1.353263085751118
2402,1.353202536392511
2403,1.353141950686640
2404,1.353081328591829
2405,1.353020670066330
2406,1.352959975068326
2407,1.352899243555931
2408,1.352838475487184
2409,1.352777670820057
2410,1.352716829512447
2411,1.352655951522183
2412,1.352595036807019
2413,1.352534085324640
2414,1.352473097032658
2415,1.352412071888613
2416,1.352351009849973
2417,1.352289910874133
2418,1.352228774918416
2419,1.352167601940072
2420,1.352106391896278
2421,1.352045144744139
2422,1.351983860440685
2423,1.351922538942874
2424,1.351861180207589
2425,1.351799784191641
2426,1.351738350851767
2427,1.351676880144629
2428,1.351615372026815
2429,1.351553826454838
2430,1.351492243385138
2431,1.351430622774080
2432,1.351368964577952
2433,1.351307268752970
2434,1.351245535255272
2435,1.351183764040923
2436,1.351121955065911
2437,1.351060108286148
2438,1.350998223657471
2439,1.350936301135641
2440,1.350874340676341
2441,1.350812342235180
2442,1.350750305767690
2443,1.350688231229323
2444,1.350626118575458
2445,1.350563967761396
2446,1.350501778742358
2447,1.350439551473492
2448,1.350377285909864
2449,1.350314982006464
2450,1.350252639718205
2451,1.350190258999921
2452,1.350127839806366
2453,1.350065382092218
2454,1.350002885812075
2455,1.349940350920456
2456,1.349877777371800
2457,1.349815165120470
2458,1.349752514120746
2459,1.349689824326829
2460,1.349627095692842
2461,1.349564328172827
2462,1.349501521720744
2463,1.349438676290476
2464,1.349375791835823
2465,1.349312868310504
2466,1.349249905668160
2467,1.349186903862346
2468,1.349123862846541
2469,1.349060782574139
2470,1.348997662998453
2471,1.348934504072715
2472,1.348871305750073
2473,1.348808067983596
2474,1.348744790726267
2475,1.348681473930989
2476,1.348618117550580
2477,1.348554721537777
2478,1.348491285845233
2479,1.348427810425516
2480,1.348364295231113
2481,1.348300740214426
2482,1.348237145327772
2483,1.348173510523386
2484,1.348109835753416
2485,1.348046120969928
2486,1.347982366124901
2487,1.347918571170231
2488,1.347854736057726
2489,1.347790860739113
2490,1.347726945166029
2491,1.347662989290027
2492,1.347598993062575
2493,1.347534956435054
2494,1.347470879358757
2495,1.347406761784892
2496,1.347342603664581
2497,1.347278404948858
2498,1.347214165588670
2499,1.347149885534875
2500,1.347085564738246
2501,1.347021203149466
2502,1.346956800719132
2503,1.346892357397751
2504,1.346827873135743
2505,1.346763347883437
2506,1.346698781591076
2507,1.346634174208812
2508,1.346569525686709
2509,1.346504835974740
2510,1.346440105022789
2511,1.346375332780651
2512,1.346310519198030
2513,1.346245664224539
2514,1.346180767809701
2515,1.346115829902949
2516,1.346050850453624
2517,1.345985829410976
2518,1.345920766724164
2519,1.345855662342254
2520,1.345790516214222
2521,1.345725328288951
2522,1.345660098515232
2523,1.345594826841763
2524,1.345529513217149
2525,1.345464157589903
2526,1.345398759908444
2527,1.345333320121098
2528,1.345267838176097
2529,1.345202314021580
2530,1.345136747605591
2531,1.345071138876079
2532,1.345005487780901
2533,1.344939794267816
2534,1.344874058284491
2535,1.344808279778496
2536,1.344742458697307
2537,1.344676594988301
2538,1.344610688598763
2539,1.344544739475880
2540,1.344478747566742
2541,1.344412712818345
2542,1.344346635177585
2543,1.344280514591262
2544,1.344214351006081
2545,1.344148144368645
2546,1.344081894625464
2547,1.344015601722946
2548,1.343949265607403
2549,1.343882886225048
2550,1.343816463521995
2551,1.343749997444259
2552,1.343683487937757
2553,1.343616934948304
2554,1.343550338421619
2555,1.343483698303317
2556,1.343417014538915
2557,1.343350287073830
2558,1.343283515853377
2559,1.343216700822771
2560,1.343149841927126
2561,1.343082939111454
2562,1.343015992320665
2563,1.342949001499567
2564,1.342881966592868
2565,1.342814887545172
2566,1.342747764300979
2567,1.342680596804688
2568,1.342613385000595
2569,1.342546128832891
2570,1.342478828245665
2571,1.342411483182901
2572,1.342344093588479
2573,1.342276659406175
2574,1.342209180579660
2575,1.342141657052500
2576,1.342074088768155
2577,1.342006475669982
2578,1.341938817701230
2579,1.341871114805043
2580,1.341803366924458
2581,1.341735574002407
2582,1.341667735981712
2583,1.341599852805093
2584,1.341531924415157
2585,1.341463950754409
2586,1.341395931765242
2587,1.341327867389942
2588,1.341259757570687
2589,1.341191602249548
2590,1.341123401368485
2591,1.341055154869347
2592,1.340986862693879
2593,1.340918524783711
2594,1.340850141080366
2595,1.340781711525256
2596,1.340713236059681
2597,1.340644714624834
2598,1.340576147161792
2599,1.340507533611524
2600,1.340438873914886
2601,1.340370168012624
2602,1.340301415845368
2603,1.340232617353639
2604,1.340163772477844
2605,1.340094881158277
2606,1.340025943335118
2607,1.339956958948435
2608,1.339887927938179
2609,1.339818850244192
2610,1.339749725806196
2611,1.339680554563802
2612,1.339611336456503
2613,1.339542071423679
2614,1.339472759404595
2615,1.339403400338397
2616,1.339333994164117
2617,1.339264540820670
2618,1.339195040246853
2619,1.339125492381349
2620,1.339055897162720
2621,1.338986254529413
2622,1.338916564419756
2623,1.338846826771958
2624,1.338777041524109
2625,1.338707208614184
2626,1.338637327980033
2627,1.338567399559391
2628,1.338497423289872
2629,1.338427399108969
2630,1.338357326954055
2631,1.338287206762382
2632,1.338217038471082
2633,1.338146822017166
2634,1.338076557337520
2635,1.338006244368913
2636,1.337935883047987
2637,1.337865473311265
2638,1.337795015095146
2639,1.337724508335904
2640,1.337653952969692
2641,1.337583348932539
2642,1.337512696160347
2643,1.337441994588896
2644,1.337371244153842
2645,1.337300444790714
2646,1.337229596434915
2647,1.337158699021725
2648,1.337087752486296
2649,1.337016756763654
2650,1.336945711788697
2651,1.336874617496198
2652,1.336803473820802
2653,1.336732280697025
2654,1.336661038059257
2655,1.336589745841759
2656,1.336518403978661
2657,1.336447012403968
2658,1.336375571051552
2659,1.336304079855157
2660,1.336232538748397
2661,1.336160947664755
2662,1.336089306537585
2663,1.336017615300106
2664,1.335945873885411
2665,1.335874082226456
2666,1.335802240256068
2667,1.335730347906942
2668,1.335658405111637
2669,1.335586411802583
2670,1.335514367912073
2671,1.335442273372269
2672,1.335370128115196
2673,1.335297932072748
2674,1.335225685176680
2675,1.335153387358615
2676,1.335081038550039
2677,1.335008638682303
2678,1.334936187686620
2679,1.334863685494069
2680,1.334791132035588
2681,1.334718527241983
2682,1.334645871043917
2683,1.334573163371918
2684,1.334500404156375
2685,1.334427593327538
2686,1.334354730815518
2687,1.334281816550286
2688,1.334208850461673
2689,1.334135832479370
2690,1.334062762532928
2691,1.333989640551756
2692,1.333916466465121
2693,1.333843240202151
2694,1.333769961691829
2695,1.333696630862997
2696,1.333623247644352
2697,1.333549811964451
2698,1.333476323751705
2699,1.333402782934382
2700,1.333329189440604
2701,1.333255543198350
2702,1.333181844135453
2703,1.333108092179601
2704,1.333034287258335
2705,1.332960429299050
2706,1.332886518228994
2707,1.332812553975270
2708,1.332738536464830
2709,1.332664465624480
2710,1.332590341380878
2711,1.332516163660532
2712,1.332441932389803
2713,1.332367647494899
2714,1.332293308901881
2715,1.332218916536660
2716,1.332144470324993
2717,1.332069970192489
2718,1.331995416064603
2719,1.331920807866641
2720,1.331846145523755
2721,1.331771428960943
2722,1.331696658103052
2723,1.331621832874773
2724,1.331546953200646
2725,1.331472019005055
2726,1.331397030212227
2727,1.331321986746238
2728,1.331246888531006
2729,1.331171735490291
2730,1.331096527547701
2731,1.331021264626683
2732,1.330945946650528
2733,1.330870573542370
2734,1.330795145225184
2735,1.330719661621787
2736,1.330644122654834
2737,1.330568528246825
2738,1.330492878320097
2739,1.330417172796827
2740,1.330341411599031
2741,1.330265594648566
2742,1.330189721867123
2743,1.330113793176236
2744,1.330037808497271
2745,1.329961767751436
2746,1.329885670859771
2747,1.329809517743155
2748,1.329733308322303
2749,1.329657042517761
2750,1.329580720249915
2751,1.329504341438981
2752,1.329427906005012
2753,1.329351413867892
2754,1.329274864947339
2755,1.329198259162903
2756,1.329121596433966
2757,1.329044876679741
2758,1.328968099819274
2759,1.328891265771438
2760,1.328814374454940
2761,1.328737425788314
2762,1.328660419689923
2763,1.328583356077961
2764,1.328506234870447
2765,1.328429055985231
2766,1.328351819339987
2767,1.328274524852219
2768,1.328197172439255
2769,1.328119762018248
2770,1.328042293506179
2771,1.327964766819853
2772,1.327887181875897
2773,1.327809538590765
2774,1.327731836880733
2775,1.327654076661899
2776,1.327576257850184
2777,1.327498380361331
2778,1.327420444110905
2779,1.327342449014291
2780,1.327264394986694
2781,1.327186281943140
2782,1.327108109798473
2783,1.327029878467356
2784,1.326951587864273
2785,1.326873237903521
2786,1.326794828499218
2787,1.326716359565298
2788,1.326637831015511
2789,1.326559242763422
2790,1.326480594722413
2791,1.326401886805678
2792,1.326323118926228
2793,1.326244290996886
2794,1.326165402930289
2795,1.326086454638886
2796,1.326007446034937
2797,1.325928377030517
2798,1.325849247537508
2799,1.325770057467605
2800,1.325690806732311
2801,1.325611495242941
2802,1.325532122910617
2803,1.325452689646268
2804,1.325373195360635
2805,1.325293639964262
2806,1.325214023367501
2807,1.325134345480511
2808,1.325054606213255
2809,1.324974805475503
2810,1.324894943176828
2811,1.324815019226606
2812,1.324735033534018
2813,1.324654986008048
2814,1.324574876557481
2815,1.324494705090902
2816,1.324414471516702
2817,1.324334175743067
2818,1.324253817677986
2819,1.324173397229248
2820,1.324092914304437
2821,1.324012368810939
2822,1.323931760655936
2823,1.323851089746407
2824,1.323770355989126
2825,1.323689559290667
2826,1.323608699557393
2827,1.323527776695469
2828,1.323446790610847
2829,1.323365741209276
2830,1.323284628396299
2831,1.323203452077248
2832,1.323122212157249
2833,1.323040908541218
2834,1.322959541133862
2835,1.322878109839677
2836,1.322796614562949
2837,1.322715055207752
2838,1.322633431677948
2839,1.322551743877186
2840,1.322469991708903
2841,1.322388175076322
2842,1.322306293882449
2843,1.322224348030078
2844,1.322142337421786
2845,1.322060261959932
2846,1.321978121546659
2847,1.321895916083895
2848,1.321813645473345
2849,1.321731309616499
2850,1.321648908414624
2851,1.321566441768769
2852,1.321483909579762
2853,1.321401311748209
2854,1.321318648174492
2855,1.321235918758773
2856,1.321153123400989
2857,1.321070262000854
2858,1.320987334457854
2859,1.320904340671253
2860,1.320821280540087
2861,1.320738153963165
2862,1.320654960839070
2863,1.320571701066154
2864,1.320488374542544
2865,1.320404981166134
2866,1.320321520834588
2867,1.320237993445342
2868,1.320154398895596
2869,1.320070737082322
2870,1.319987007902256
2871,1.319903211251901
2872,1.319819347027527
2873,1.319735415125166
2874,1.319651415440616
2875,1.319567347869439
2876,1.319483212306959
2877,1.319399008648262
2878,1.319314736788194
2879,1.319230396621365
2880,1.319145988042142
2881,1.319061510944651
2882,1.318976965222779
2883,1.318892350770168
2884,1.318807667480218
2885,1.318722915246087
2886,1.318638093960685
2887,1.318553203516679
2888,1.318468243806491
2889,1.318383214722292
2890,1.318298116156012
2891,1.318212947999326
2892,1.318127710143665
2893,1.318042402480209
2894,1.317957024899885
2895,1.317871577293372
2896,1.317786059551096
2897,1.317700471563229
2898,1.317614813219691
2899,1.317529084410147
2900,1.317443285024008
2901,1.317357414950425
2902,1.317271474078299
2903,1.317185462296267
2904,1.317099379492713
2905,1.317013225555758
2906,1.316927000373265
2907,1.316840703832837
2908,1.316754335821814
2909,1.316667896227276
2910,1.316581384936036
2911,1.316494801834648
2912,1.316408146809398
2913,1.316321419746307
2914,1.316234620531131
2915,1.316147749049358
2916,1.316060805186208
2917,1.315973788826632
2918,1.315886699855313
2919,1.315799538156661
2920,1.315712303614817
2921,1.315624996113648
2922,1.315537615536750
2923,1.315450161767444
2924,1.315362634688776
2925,1.315275034183517
2926,1.315187360134162
2927,1.315099612422929
2928,1.315011790931756
2929,1.314923895542304
2930,1.314835926135953
2931,1.314747882593803
2932,1.314659764796673
2933,1.314571572625098
2934,1.314483305959331
2935,1.314394964679338
2936,1.314306548664805
2937,1.314218057795127
2938,1.314129491949414
2939,1.314040851006489
2940,1.313952134844885
2941,1.313863343342846
2942,1.313774476378325
2943,1.313685533828984
2944,1.313596515572192
2945,1.313507421485026
2946,1.313418251444266
2947,1.313329005326401
2948,1.313239683007619
2949,1.313150284363815
2950,1.313060809270585
2951,1.312971257603224
2952,1.312881629236729
2953,1.312791924045796
2954,1.312702141904819
2955,1.312612282687890
2956,1.312522346268796
2957,1.312432332521019
2958,1.312342241317737
2959,1.312252072531821
2960,1.312161826035832
2961,1.312071501702026
2962,1.311981099402348
2963,1.311890619008430
2964,1.311800060391597
2965,1.311709423422858
2966,1.311618707972909
2967,1.311527913912132
2968,1.311437041110593
2969,1.311346089438043
2970,1.311255058763912
2971,1.311163948957314
2972,1.311072759887044
2973,1.310981491421573
2974,1.310890143429053
2975,1.310798715777312
2976,1.310707208333855
2977,1.310615620965861
2978,1.310523953540185
2979,1.310432205923353
2980,1.310340377981562
2981,1.310248469580684
2982,1.310156480586257
2983,1.310064410863490
2984,1.309972260277257
2985,1.309880028692102
2986,1.309787715972232
2987,1.309695321981519
2988,1.309602846583499
2989,1.309510289641369
2990,1.309417651017988
2991,1.309324930575875
2992,1.309232128177208
2993,1.309139243683822
2994,1.309046276957208
2995,1.308953227858514
2996,1.308860096248543
2997,1.308766881987748
2998,1.308673584936238
2999,1.308580204953770
3000,1.308486741899752
3001,1.308393195633241
3002,1.308299566012940
3003,1.308205852897201
3004,1.308112056144017
3005,1.308018175611030
3006,1.307924211155520
3007,1.307830162634412
3008,1.307736029904270
3009,1.307641812821297
3010,1.307547511241335
3011,1.307453125019861
3012,1.307358654011990
3013,1.307264098072470
3014,1.307169457055683
3015,1.307074730815640
3016,1.306979919205988
3017,1.306885022079998
3018,1.306790039290573
3019,1.306694970690242
3020,1.306599816131159
3021,1.306504575465103
3022,1.306409248543476
3023,1.306313835217302
3024,1.306218335337227
3025,1.306122748753515
3026,1.306027075316047
3027,1.305931314874324
3028,1.305835467277459
3029,1.305739532374184
3030,1.305643510012838
3031,1.305547400041376
3032,1.305451202307362
3033,1.305354916657969
3034,1.305258542939978
3035,1.305162080999776
3036,1.305065530683355
3037,1.304968891836310
3038,1.304872164303840
3039,1.304775347930744
3040,1.304678442561420
3041,1.304581448039866
3042,1.304484364209675
3043,1.304387190914037
3044,1.304289927995735
3045,1.304192575297145
3046,1.304095132660236
3047,1.303997599926563
3048,1.303899976937274
3049,1.303802263533102
3050,1.303704459554364
3051,1.303606564840966
3052,1.303508579232391
3053,1.303410502567709
3054,1.303312334685565
3055,1.303214075424187
3056,1.303115724621376
3057,1.303017282114512
3058,1.302918747740547
3059,1.302820121336006
3060,1.302721402736987
3061,1.302622591779155
3062,1.302523688297744
3063,1.302424692127556
3064,1.302325603102957
3065,1.302226421057878
3066,1.302127145825809
3067,1.302027777239805
3068,1.301928315132477
3069,1.301828759335994
3070,1.301729109682083
3071,1.301629366002023
3072,1.301529528126646
3073,1.301429595886338
3074,1.301329569111033
3075,1.301229447630212
3076,1.301129231272904
3077,1.301028919867684
3078,1.300928513242669
3079,1.300828011225517
3080,1.300727413643428
3081,1.300626720323141
3082,1.300525931090929
3083,1.300425045772603
3084,1.300324064193507
3085,1.300222986178517
3086,1.300121811552038
3087,1.300020540138006
3088,1.299919171759883
3089,1.299817706240656
3090,1.299716143402836
3091,1.299614483068456
3092,1.299512725059068
3093,1.299410869195745
3094,1.299308915299075
3095,1.299206863189163
3096,1.299104712685624
3097,1.299002463607588
3098,1.298900115773694
3099,1.298797669002087
3100,1.298695123110422
3101,1.298592477915856
3102,1.298489733235050
3103,1.298386888884165
3104,1.298283944678862
3105,1.298180900434299
3106,1.298077755965131
3107,1.297974511085505
3108,1.297871165609062
3109,1.297767719348930
3110,1.297664172117728
3111,1.297560523727561
3112,1.297456773990018
3113,1.297352922716172
3114,1.297248969716575
3115,1.297144914801259
3116,1.297040757779733
3117,1.296936498460981
3118,1.296832136653461
3119,1.296727672165100
3120,1.296623104803299
3121,1.296518434374921
3122,1.296413660686299
3123,1.296308783543227
3124,1.296203802750961
3125,1.296098718114218
3126,1.295993529437170
3127,1.295888236523449
3128,1.295782839176136
3129,1.295677337197766
3130,1.295571730390323
3131,1.295466018555241
3132,1.295360201493395
3133,1.295254279005108
3134,1.295148250890141
3135,1.295042116947697
3136,1.294935876976416
3137,1.294829530774371
3138,1.294723078139070
3139,1.294616518867453
3140,1.294509852755887
3141,1.294403079600167
3142,1.294296199195512
3143,1.294189211336564
3144,1.294082115817385
3145,1.293974912431456
3146,1.293867600971674
3147,1.293760181230348
3148,1.293652652999201
3149,1.293545016069365
3150,1.293437270231379
3151,1.293329415275187
3152,1.293221450990135
3153,1.293113377164972
3154,1.293005193587842
3155,1.292896900046288
3156,1.292788496327246
3157,1.292679982217042
3158,1.292571357501392
3159,1.292462621965402
3160,1.292353775393557
3161,1.292244817569728
3162,1.292135748277165
3163,1.292026567298496
3164,1.291917274415723
3165,1.291807869410222
3166,1.291698352062739
3167,1.291588722153389
3168,1.291478979461650
3169,1.291369123766367
3170,1.291259154845742
3171,1.291149072477337
3172,1.291038876438072
3173,1.290928566504217
3174,1.290818142451394
3175,1.290707604054574
3176,1.290596951088075
3177,1.290486183325557
3178,1.290375300540020
3179,1.290264302503805
3180,1.290153188988586
3181,1.290041959765374
3182,1.289930614604506
3183,1.289819153275651
3184,1.289707575547802
3185,1.289595881189275
3186,1.289484069967707
3187,1.289372141650051
3188,1.289260096002576
3189,1.289147932790864
3190,1.289035651779805
3191,1.288923252733599
3192,1.288810735415748
3193,1.288698099589054
3194,1.288585345015622
3195,1.288472471456850
3196,1.288359478673431
3197,1.288246366425347
3198,1.288133134471869
3199,1.288019782571554
3200,1.287906310482238
3201,1.287792717961040
3202,1.287679004764353
3203,1.287565170647846
3204,1.287451215366456
3205,1.287337138674391
3206,1.287222940325122
3207,1.287108620071383
3208,1.286994177665167
3209,1.286879612857723
3210,1.286764925399555
3211,1.286650115040417
3212,1.286535181529307
3213,1.286420124614473
3214,1.286304944043401
3215,1.286189639562815
3216,1.286074210918677
3217,1.285958657856179
3218,1.285842980119745
3219,1.285727177453021
3220,1.285611249598881
3221,1.285495196299415
3222,1.285379017295931
3223,1.285262712328954
3224,1.285146281138214
3225,1.285029723462652
3226,1.284913039040413
3227,1.284796227608842
3228,1.284679288904483
3229,1.284562222663073
3230,1.284445028619541
3231,1.284327706508004
3232,1.284210256061765
3233,1.284092677013307
3234,1.283974969094291
3235,1.283857132035552
3236,1.283739165567100
3237,1.283621069418109
3238,1.283502843316921
3239,1.283384486991036
3240,1.283266000167114
3241,1.283147382570970
3242,1.283028633927567
3243,1.282909753961018
3244,1.282790742394580
3245,1.282671598950649
3246,1.282552323350759
3247,1.282432915315578
3248,1.282313374564901
3249,1.282193700817652
3250,1.282073893791878
3251,1.281953953204743
3252,1.281833878772527
3253,1.281713670210622
3254,1.281593327233528
3255,1.281472849554851
3256,1.281352236887294
3257,1.281231488942661
3258,1.281110605431845
3259,1.280989586064833
3260,1.280868430550693
3261,1.280747138597579
3262,1.280625709912720
3263,1.280504144202420
3264,1.280382441172055
3265,1.280260600526063
3266,1.280138621967949
3267,1.280016505200275
3268,1.279894249924657
3269,1.279771855841761
3270,1.279649322651302
3271,1.279526650052035
3272,1.279403837741756
3273,1.279280885417293
3274,1.279157792774506
3275,1.279034559508281
3276,1.278911185312527
3277,1.278787669880170
3278,1.278664012903150
3279,1.278540214072417
3280,1.278416273077926
3281,1.278292189608635
3282,1.278167963352497
3283,1.278043593996459
3284,1.277919081226456
3285,1.277794424727407
3286,1.277669624183211
3287,1.277544679276744
3288,1.277419589689849
3289,1.277294355103341
3290,1.277168975196992
3291,1.277043449649537
3292,1.276917778138659
3293,1.276791960340993
3294,1.276665995932118
3295,1.276539884586552
3296,1.276413625977749
3297,1.276287219778091
3298,1.276160665658889
3299,1.276033963290374
3300,1.275907112341693
3301,1.275780112480905
3302,1.275652963374978
3303,1.275525664689778
3304,1.275398216090074
3305,1.275270617239523
3306,1.275142867800673
3307,1.275014967434954
3308,1.274886915802675
3309,1.274758712563016
3310,1.274630357374027
3311,1.274501849892623
3312,1.274373189774574
3313,1.274244376674506
3314,1.274115410245891
3315,1.273986290141047
3316,1.273857016011127
3317,1.273727587506121
3318,1.273598004274842
3319,1.273468265964930
3320,1.273338372222840
3321,1.273208322693840
3322,1.273078117022004
3323,1.272947754850209
3324,1.272817235820128
3325,1.272686559572224
3326,1.272555725745746
3327,1.272424733978724
3328,1.272293583907961
3329,1.272162275169031
3330,1.272030807396270
3331,1.271899180222773
3332,1.271767393280388
3333,1.271635446199709
3334,1.271503338610072
3335,1.271371070139548
3336,1.271238640414939
3337,1.271106049061769
3338,1.270973295704284
3339,1.270840379965439
3340,1.270707301466899
3341,1.270574059829027
3342,1.270440654670884
3343,1.270307085610217
3344,1.270173352263460
3345,1.270039454245720
3346,1.269905391170778
3347,1.269771162651081
3348,1.269636768297731
3349,1.269502207720486
3350,1.269367480527750
3351,1.269232586326568
3352,1.269097524722619
3353,1.268962295320208
3354,1.268826897722266
3355,1.268691331530334
3356,1.268555596344567
3357,1.268419691763719
3358,1.268283617385142
3359,1.268147372804777
3360,1.268010957617149
3361,1.267874371415356
3362,1.267737613791071
3363,1.267600684334526
3364,1.267463582634514
3365,1.267326308278372
3366,1.267188860851985
3367,1.267051239939773
3368,1.266913445124685
3369,1.266775475988192
3370,1.266637332110282
3371,1.266499013069451
3372,1.266360518442697
3373,1.266221847805512
3374,1.266083000731877
3375,1.265943976794253
3376,1.265804775563573
3377,1.265665396609237
3378,1.265525839499106
3379,1.265386103799488
3380,1.265246189075141
3381,1.265106094889254
3382,1.264965820803449
3383,1.264825366377770
3384,1.264684731170675
3385,1.264543914739028
3386,1.264402916638093
3387,1.264261736421527
3388,1.264120373641368
3389,1.263978827848034
3390,1.263837098590309
3391,1.263695185415338
3392,1.263553087868620
3393,1.263410805493998
3394,1.263268337833652
3395,1.263125684428090
3396,1.262982844816144
3397,1.262839818534955
3398,1.262696605119972
3399,1.262553204104937
3400,1.262409615021883
3401,1.262265837401121
3402,1.262121870771235
3403,1.261977714659071
3404,1.261833368589730
3405,1.261688832086558
3406,1.261544104671142
3407,1.261399185863294
3408,1.261254075181048
3409,1.261108772140650
3410,1.260963276256548
3411,1.260817587041384
3412,1.260671704005986
3413,1.260525626659357
3414,1.260379354508669
3415,1.260232887059248
3416,1.260086223814575
3417,1.259939364276266
3418,1.259792307944071
3419,1.259645054315859
3420,1.259497602887612
3421,1.259349953153414
3422,1.259202104605446
3423,1.259054056733967
3424,1.258905809027314
3425,1.258757360971888
3426,1.258608712052145
3427,1.258459861750585
3428,1.258310809547746
3429,1.258161554922187
3430,1.258012097350489
3431,1.257862436307233
3432,1.257712571264998
3433,1.257562501694350
3434,1.257412227063827
3435,1.257261746839935
3436,1.257111060487132
3437,1.256960167467825
3438,1.256809067242350
3439,1.256657759268970
3440,1.256506243003860
3441,1.256354517901096
3442,1.256202583412647
3443,1.256050438988364
3444,1.255898084075966
3445,1.255745518121032
3446,1.255592740566991
3447,1.255439750855105
3448,1.255286548424466
3449,1.255133132711980
3450,1.254979503152356
3451,1.254825659178095
3452,1.254671600219480
3453,1.254517325704563
3454,1.254362835059154
3455,1.254208127706809
3456,1.254053203068819
3457,1.253898060564199
3458,1.253742699609673
3459,1.253587119619664
3460,1.253431320006286
3461,1.253275300179323
3462,1.253119059546224
3463,1.252962597512091
3464,1.252805913479661
3465,1.252649006849297
3466,1.252491877018979
3467,1.252334523384285
3468,1.252176945338381
3469,1.252019142272011
3470,1.251861113573481
3471,1.251702858628644
3472,1.251544376820895
3473,1.251385667531149
3474,1.251226730137834
3475,1.251067564016874
3476,1.250908168541678
3477,1.250748543083126
3478,1.250588687009556
3479,1.250428599686748
3480,1.250268280477913
3481,1.250107728743679
3482,1.249946943842075
3483,1.249785925128520
3484,1.249624671955807
3485,1.249463183674089
3486,1.249301459630866
3487,1.249139499170970
3488,1.248977301636548
3489,1.248814866367052
3490,1.248652192699223
3491,1.248489279967074
3492,1.248326127501877
3493,1.248162734632148
3494,1.247999100683633
3495,1.247835224979290
3496,1.247671106839276
3497,1.247506745580932
3498,1.247342140518767
3499,1.247177290964439
3500,1.247012196226748
3501,1.246846855611611
3502,1.246681268422050
3503,1.246515433958179
3504,1.246349351517181
3505,1.246183020393300
3506,1.246016439877818
3507,1.245849609259042
3508,1.245682527822285
3509,1.245515194849854
3510,1.245347609621029
3511,1.245179771412045
3512,1.245011679496081
3513,1.244843333143238
3514,1.244674731620524
3515,1.244505874191832
3516,1.244336760117932
3517,1.244167388656445
3518,1.243997759061826
3519,1.243827870585353
3520,1.243657722475101
3521,1.243487313975927
3522,1.243316644329455
3523,1.243145712774052
3524,1.242974518544813
3525,1.242803060873543
3526,1.242631338988736
3527,1.242459352115557
3528,1.242287099475823
3529,1.242114580287984
3530,1.241941793767106
3531,1.241768739124846
3532,1.241595415569440
3533,1.241421822305674
3534,1.241247958534875
3535,1.241073823454881
3536,1.240899416260028
3537,1.240724736141126
3538,1.240549782285442
3539,1.240374553876673
3540,1.240199050094934
3541,1.240023270116731
3542,1.239847213114941
3543,1.239670878258792
3544,1.239494264713844
3545,1.239317371641960
3546,1.239140198201294
3547,1.238962743546263
3548,1.238785006827526
3549,1.238606987191964
3550,1.238428683782655
3551,1.238250095738855
3552,1.238071222195972
3553,1.237892062285545
3554,1.237712615135221
3555,1.237532879868733
3556,1.237352855605875
3557,1.237172541462478
3558,1.236991936550390
3559,1.236811039977448
3560,1.236629850847458
3561,1.236448368260166
3562,1.236266591311241
3563,1.236084519092242
3564,1.235902150690601
3565,1.235719485189592
3566,1.235536521668311
3567,1.235353259201649
3568,1.235169696860262
3569,1.234985833710556
3570,1.234801668814650
3571,1.234617201230357
3572,1.234432430011156
3573,1.234247354206164
3574,1.234061972860114
3575,1.233876285013321
3576,1.233690289701662
3577,1.233503985956546
3578,1.233317372804887
3579,1.233130449269073
3580,1.232943214366947
3581,1.232755667111767
3582,1.232567806512190
3583,1.232379631572234
3584,1.232191141291254
3585,1.232002334663913
3586,1.231813210680152
3587,1.231623768325160
3588,1.231434006579347
3589,1.231243924418310
3590,1.231053520812809
3591,1.230862794728731
3592,1.230671745127063
3593,1.230480370963858
3594,1.230288671190210
3595,1.230096644752216
3596,1.229904290590950
3597,1.229711607642427
3598,1.229518594837574
3599,1.229325251102198
3600,1.229131575356950
3601,1.228937566517299
3602,1.228743223493490
3603,1.228548545190519
3604,1.228353530508096
3605,1.228158178340611
3606,1.227962487577100
3607,1.227766457101213
3608,1.227570085791176
3609,1.227373372519761
3610,1.227176316154243
3611,1.226978915556376
3612,1.226781169582344
3613,1.226583077082738
3614,1.226384636902510
3615,1.226185847880943
3616,1.225986708851610
3617,1.225787218642338
3618,1.225587376075171
3619,1.225387179966334
3620,1.225186629126192
3621,1.224985722359214
3622,1.224784458463931
3623,1.224582836232902
3624,1.224380854452671
3625,1.224178511903729
3626,1.223975807360473
3627,1.223772739591167
3628,1.223569307357901
3629,1.223365509416550
3630,1.223161344516731
3631,1.222956811401767
3632,1.222751908808637
3633,1.222546635467941
3634,1.222340990103853
3635,1.222134971434080
3636,1.221928578169818
3637,1.221721809015707
3638,1.221514662669791
3639,1.221307137823469
3640,1.221099233161453
3641,1.220890947361722
3642,1.220682279095475
3643,1.220473227027089
3644,1.220263789814068
3645,1.220053966107000
3646,1.219843754549506
3647,1.219633153778199
3648,1.219422162422628
3649,1.219210779105237
3650,1.218999002441309
3651,1.218786831038925
3652,1.218574263498907
3653,1.218361298414773
3654,1.218147934372684
3655,1.217934169951396
3656,1.217720003722204
3657,1.217505434248895
3658,1.217290460087692
3659,1.217075079787206
3660,1.216859291888377
3661,1.216643094924427
3662,1.216426487420800
3663,1.216209467895110
3664,1.215992034857089
3665,1.215774186808527
3666,1.215555922243218
3667,1.215337239646902
3668,1.215118137497214
3669,1.214898614263618
3670,1.214678668407355
3671,1.214458298381383
3672,1.214237502630317
3673,1.214016279590373
3674,1.213794627689304
3675,1.213572545346340
3676,1.213350030972131
3677,1.213127082968679
3678,1.212903699729283
3679,1.212679879638470
3680,1.212455621071935
3681,1.212230922396478
3682,1.212005781969937
3683,1.211780198141124
3684,1.211554169249760
3685,1.211327693626410
3686,1.211100769592413
3687,1.210873395459817
3688,1.210645569531311
3689,1.210417290100155
3690,1.210188555450112
3691,1.209959363855379
3692,1.209729713580515
3693,1.209499602880368
3694,1.209269030000009
3695,1.209037993174654
3696,1.208806490629593
3697,1.208574520580118
3698,1.208342081231444
3699,1.208109170778639
3700,1.207875787406544
3701,1.207641929289699
3702,1.207407594592266
3703,1.207172781467948
3704,1.206937488059914
3705,1.206701712500715
3706,1.206465452912211
3707,1.206228707405481
3708,1.205991474080749
3709,1.205753751027299
3710,1.205515536323388
3711,1.205276828036168
3712,1.205037624221596
3713,1.204797922924354
3714,1.204557722177756
3715,1.204317020003665
3716,1.204075814412404
3717,1.203834103402667
3718,1.203591884961428
3719,1.203349157063853
3720,1.203105917673206
3721,1.202862164740755
3722,1.202617896205685
3723,1.202373109994997
3724,1.202127804023417
3725,1.201881976193297
3726,1.201635624394521
3727,1.201388746504405
3728,1.201141340387598
3729,1.200893403895985
3730,1.200644934868581
3731,1.200395931131433
3732,1.200146390497518
3733,1.199896310766634
3734,1.199645689725302
3735,1.199394525146655
3736,1.199142814790330
3737,1.198890556402367
3738,1.198637747715092
3739,1.198384386447011
3740,1.198130470302700
3741,1.197875996972686
3742,1.197620964133340
3743,1.197365369446763
3744,1.197109210560662
3745,1.196852485108242
3746,1.196595190708083
3747,1.196337324964020
3748,1.196078885465026
3749,1.195819869785088
3750,1.195560275483083
3751,1.195300100102655
3752,1.195039341172090
3753,1.194777996204186
3754,1.194516062696129
3755,1.194253538129362
3756,1.193990419969449
3757,1.193726705665954
3758,1.193462392652294
3759,1.193197478345615
3760,1.192931960146651
3761,1.192665835439585
3762,1.192399101591911
3763,1.192131755954296
3764,1.191863795860432
3765,1.191595218626899
3766,1.191326021553013
3767,1.191056201920687
3768,1.190785756994274
3769,1.190514684020425
3770,1.190242980227932
3771,1.189970642827580
3772,1.189697669011985
3773,1.189424055955446
3774,1.189149800813782
3775,1.188874900724174
3776,1.188599352805000
3777,1.188323154155680
3778,1.188046301856500
3779,1.187768792968457
3780,1.187490624533081
3781,1.187211793572269
3782,1.186932297088113
3783,1.186652132062724
3784,1.186371295458060
3785,1.186089784215740
3786,1.185807595256875
3787,1.185524725481877
3788,1.185241171770279
3789,1.184956930980551
3790,1.184671999949907
3791,1.184386375494120
3792,1.184100054407326
3793,1.183813033461833
3794,1.183525309407923
3795,1.183236878973652
3796,1.182947738864651
3797,1.182657885763923
3798,1.182367316331637
3799,1.182076027204920
3800,1.181784014997645
3801,1.181491276300225
3802,1.181197807679389
3803,1.180903605677974
3804,1.180608666814696
3805,1.180312987583936
3806,1.180016564455510
3807,1.179719393874442
3808,1.179421472260736
3809,1.179122796009142
3810,1.178823361488920
3811,1.178523165043603
3812,1.178222202990756
3813,1.177920471621730
3814,1.177617967201418
3815,1.177314685968007
3816,1.177010624132719
3817,1.176705777879564
3818,1.176400143365075
3819,1.176093716718051
3820,1.175786494039287
3821,1.175478471401315
3822,1.175169644848124
3823,1.174860010394892
3824,1.174549564027706
3825,1.174238301703282
3826,1.173926219348682
3827,1.173613312861022
3828,1.173299578107190
3829,1.172985010923540
3830,1.172669607115606
3831,1.172353362457789
3832,1.172036272693061
3833,1.171718333532651
3834,1.171399540655732
3835,1.171079889709107
3836,1.170759376306888
3837,1.170437996030168
3838,1.170115744426697
3839,1.169792617010547
3840,1.169468609261776
3841,1.169143716626087
3842,1.168817934514483
3843,1.168491258302918
3844,1.168163683331940
3845,1.167835204906340
3846,1.167505818294780
3847,1.167175518729432
3848,1.166844301405605
3849,1.166512161481368
3850,1.166179094077166
3851,1.165845094275436
3852,1.165510157120217
3853,1.165174277616751
3854,1.164837450731083
3855,1.164499671389653
3856,1.164160934478887
3857,1.163821234844776
3858,1.163480567292458
3859,1.163138926585785
3860,1.162796307446894
3861,1.162452704555764
3862,1.162108112549773
3863,1.161762526023248
3864,1.161415939527003
3865,1.161068347567885
3866,1.160719744608295
3867,1.160370125065722
3868,1.160019483312253
3869,1.159667813674091
3870,1.159315110431061
3871,1.158961367816102
3872,1.158606580014767
3873,1.158250741164703
3874,1.157893845355132
3875,1.157535886626322
3876,1.157176858969051
3877,1.156816756324060
3878,1.156455572581511
3879,1.156093301580419
3880,1.155729937108094
3881,1.155365472899560
3882,1.154999902636983
3883,1.154633219949071
3884,1.154265418410484
3885,1.153896491541224
3886,1.153526432806022
3887,1.153155235613712
3888,1.152782893316606
3889,1.152409399209843
3890,1.152034746530749
3891,1.151658928458173
3892,1.151281938111817
3893,1.150903768551563
3894,1.150524412776782
3895,1.150143863725637
3896,1.149762114274377
3897,1.149379157236619
3898,1.148994985362618
3899,1.148609591338531
3900,1.148222967785667
3901,1.147835107259729
3902,1.147446002250037
3903,1.147055645178754
3904,1.146664028400084
3905,1.146271144199471
3906,1.145876984792782
3907,1.145481542325475
3908,1.145084808871759
3909,1.144686776433737
3910,1.144287436940542
3911,1.143886782247457
3912,1.143484804135018
3913,1.143081494308110
3914,1.142676844395048
3915,1.142270845946638
3916,1.141863490435234
3917,1.141454769253770
3918,1.141044673714784
3919,1.140633195049428
3920,1.140220324406455
3921,1.139806052851201
3922,1.139390371364540
3923,1.138973270841834
3924,1.138554742091856
3925,1.138134775835707
3926,1.137713362705703
3927,1.137290493244259
3928,1.136866157902748
3929,1.136440347040334
3930,1.136013050922807
3931,1.135584259721377
3932,1.135153963511466
3933,1.134722152271470
3934,1.134288815881506
3935,1.133853944122140
3936,1.133417526673087
3937,1.132979553111903
3938,1.132540012912640
3939,1.132098895444493
3940,1.131656189970415
3941,1.131211885645717
3942,1.130765971516638
3943,1.130318436518896
3944,1.129869269476214
3945,1.129418459098823
3946,1.128965993981931
3947,1.128511862604185
3948,1.128056053326086
3949,1.127598554388392
3950,1.127139353910488
3951,1.126678439888731
3952,1.126215800194764
3953,1.125751422573805
3954,1.125285294642899
3955,1.124817403889155
3956,1.124347737667935
3957,1.123876283201022
3958,1.123403027574758
3959,1.122927957738141
3960,1.122451060500896
3961,1.121972322531511
3962,1.121491730355233
3963,1.121009270352040
3964,1.120524928754562
3965,1.120038691645980
3966,1.119550544957878
3967,1.119060474468061
3968,1.118568465798329
3969,1.118074504412219
3970,1.117578575612697
3971,1.117080664539816
3972,1.116580756168327
3973,1.116078835305249
3974,1.115574886587389
3975,1.115068894478825
3976,1.114560843268336
3977,1.114050717066785
3978,1.113538499804461
3979,1.113024175228356
3980,1.112507726899407
3981,1.111989138189678
3982,1.111468392279492
3983,1.110945472154501
3984,1.110420360602716
3985,1.109893040211463
3986,1.109363493364292
3987,1.108831702237825
3988,1.108297648798538
3989,1.107761314799487
3990,1.107222681776966
3991,1.106681731047106
3992,1.106138443702397
3993,1.105592800608152
3994,1.105044782398896
3995,1.104494369474687
3996,1.103941541997358
3997,1.103386279886688
3998,1.102828562816500
3999,1.102268370210674
4000,1.101705681239082
4001,1.101140474813442
4002,1.100572729583086
4003,1.100002423930642
4004,1.099429535967629
4005,1.098854043529960
4006,1.098275924173351
4007,1.097695155168635
4008,1.097111713496986
4009,1.096525575845027
4010,1.095936718599853
4011,1.095345117843937
4012,1.094750749349932
4013,1.094153588575364
4014,1.093553610657213
4015,1.092950790406370
4016,1.092345102301983
4017,1.091736520485678
4018,1.091125018755656
4019,1.090510570560655
4020,1.089893148993792
4021,1.089272726786255
4022,1.088649276300869
4023,1.088022769525511
4024,1.087393178066381
4025,1.086760473141126
4026,1.086124625571800
4027,1.085485605777677
4028,1.084843383767896
4029,1.084197929133934
4030,1.083549211041915
4031,1.082897198224739
4032,1.082241858974027
4033,1.081583161131886
4034,1.080921072082474
4035,1.080255558743376
4036,1.079586587556773
4037,1.078914124480403
4038,1.078238134978308
4039,1.077558584011366
4040,1.076875436027585
4041,1.076188654952178
4042,1.075498204177388
4043,1.074804046552069
4044,1.074106144371018
4045,1.073404459364039
4046,1.072698952684744
4047,1.071989584899069
4048,1.071276315973519
4049,1.070559105263105
4050,1.069837911498986
4051,1.069112692775802
4052,1.068383406538680
4053,1.067650009569912
4054,1.066912457975298
4055,1.066170707170130
4056,1.065424711864815
4057,1.064674426050135
4058,1.063919802982110
4059,1.063160795166468
4060,1.062397354342715
4061,1.061629431467769
4062,1.060856976699169
4063,1.060079939377830
4064,1.059298268010334
4065,1.058511910250749
4066,1.057720812881946
4067,1.056924921796405
4068,1.056124181976506
4069,1.055318537474262
4070,1.054507931390497
4071,1.053692305853440
4072,1.052871601996723
4073,1.052045759936753
4074,1.051214718749444
4075,1.050378416446289
4076,1.049536789949741
4077,1.048689775067885
4078,1.047837306468381
4079,1.046979317651639
4080,1.046115740923214
4081,1.045246507365381
4082,1.044371546807876
4083,1.043490787797754
4084,1.042604157568349
4085,1.041711582007295
4086,1.040812985623577
4087,1.039908291513578
4088,1.038997421326075
4089,1.038080295226168
4090,1.037156831858073
4091,1.036226948306761
4092,1.035290560058384
4093,1.034347580959455
4094,1.033397923174724
4095,1.032441497143700
4096,1.031478211535784
4097,1.030507973203931
4098,1.029530687136809
4099,1.028546256409386
4100,1.027554582131873
4101,1.026555563396987
4102,1.025549097225423
4103,1.024535078509512
4104,1.023513399954952
4105,1.022483952020550
4106,1.021446622855900
4107,1.020401298236898
4108,1.019347861499011
4109,1.018286193468206
4110,1.017216172389438
4111,1.016137673852596
4112,1.015050570715803
4113,1.013954733025936
4114,1.012850027936278
4115,1.011736319621147
4116,1.010613469187385
4117,1.009481334582565
4118,1.008339770499770
4119,1.007188628278789
4120,1.006027755803566
4121,1.004856997395738
4122,1.003676193704073
4123,1.002485181589635
4124,1.001283794006450
4125,1.000071859877493
4126,0.998849203965748
4127,0.997615646740132
4128,0.996371004236004
4129,0.995115087910035
4130,0.993847704489132
4131,0.992568655813138
4132,0.991277738671006
4133,0.989974744630104
4134,0.988659459858320
4135,0.987331664938595
4136,0.985991134675496
4137,0.984637637893423
4138,0.983270937226011
4139,0.981890788896260
4140,0.980496942486922
4141,0.979089140700591
4142,0.977667119108985
4143,0.976230605890788
4144,0.974779321557463
4145,0.973312978666348
4146,0.971831281520333
4147,0.970333925853367
4148,0.968820598500981
4149,0.967290977054980
4150,0.965744729501373
4151,0.964181513840583
4152,0.962600977688864
4153,0.961002757859841
4154,0.959386479924948
4155,0.957751757751503
4156,0.956098193017039
4157,0.954425374698431
4158,0.952732878534234
4159,0.951020266458546
4160,0.949287086004585
4161,0.947532869676013
4162,0.945757134283925
4163,0.943959380247223
4164,0.942139090853965
4165,0.940295731481037
4166,0.938428748769337
4167,0.936537569751408
4168,0.934621600928204
4169,0.932680227291431
4170,0.930712811287591
4171,0.928718691719526
4172,0.926697182580926
4173,0.924647571818872
4174,0.922569120019043
4175,0.920461059007757
4176,0.918322590364518
4177,0.916152883838128
4178,0.913951075658846
4179,0.911716266738346
4180,0.909447520748471
4181,0.907143862068936
4182,0.904804273593187
4183,0.902427694380575
4184,0.900013017141839
4185,0.897559085543623
4186,0.895064691316261
4187,0.892528571147509
4188,0.889949403343066
4189,0.887325804232713
4190,0.884656324298664
4191,0.881939444000143
4192,0.879173569265375
4193,0.876357026618946
4194,0.873488057908838
4195,0.870564814593346
4196,0.867585351543410
4197,0.864547620310593
4198,0.861449461804921
4199,0.858288598319923
4200,0.855062624834347
4201,0.851768999511063
4202,0.848405033303312
4203,0.844967878566632
4204,0.841454516561061
4205,0.837861743712436
4206,0.834186156483251
4207,0.830424134682226
4208,0.826571823016930
4209,0.822625110664761
4210,0.818579608603574
4211,0.814430624403278
4212,0.810173134132502
4213,0.805801750978627
4214,0.801310690113119
4215,0.796693729255057
4216,0.791944164291110
4217,0.787054759196541
4218,0.782017689364685
4219,0.776824477286150
4220,0.771465919316746
4221,0.765932002025731
4222,0.760211806311921
4223,0.754293397099454
4224,0.748163695958153
4225,0.741808333409974
4226,0.735211476949306
4227,0.728355629876255
4228,0.721221394858549
4229,0.713787194618382
4230,0.706028940174933
4231,0.697919634509353
4232,0.689428896145093
4233,0.680522382654805
4234,0.671161088092158
4235,0.661300480192088
4236,0.650889431994675
4237,0.639868887004556
4238,0.628170175110757
4239,0.615712865216622
4240,0.602401995119445
4241,0.588124452084177
4242,0.572744176499120
4243,0.556095705537086
4244,0.537975328898212
4245,0.518128732855981
4246,0.496233349731137
4247,0.471872495401709
4248,0.444496349061918
4249,0.413361040863525
4250,0.377429667247650
4251,0.335203513489960
4252,0.284416901903788
4253,0.221443656729701
4254,0.140029253538011
4255,0.028222706605313
4256,-0.140467958071573
4257,-0.440314284127958
4258,-1.190388491787518
4259,-10.729096605051714
4260,-19.751564750080110