Iteration,Log Error
0.0000000000000000,4.1874037290050481
1.0000000000000000,3.7831823404173286
2.0000000000000000,3.4621280297586225
3.0000000000000000,3.2101077422126849
4.0000000000000000,3.0831093634177869
5.0000000000000000,2.8562740470962353
6.0000000000000000,2.7798994482710815
7.0000000000000000,2.7380363483718448
8.0000000000000000,2.5406901520447494
9.0000000000000000,2.5039265949601366
10.0000000000000000,2.5039265949601366
11.0000000000000000,2.3928294812602688
12.0000000000000000,2.3313382786465469
13.0000000000000000,2.3044134455482248
14.0000000000000000,2.2900635245285761
15.0000000000000000,2.2790858399644693
16.0000000000000000,2.2775163387419921
17.0000000000000000,2.2147472897604707
18.0000000000000000,2.1821908581519454
19.0000000000000000,2.1742862740267226
20.0000000000000000,2.1703273769628133
21.0000000000000000,2.1684187803812760
22.0000000000000000,2.1666283787442202
23.0000000000000000,2.1623066108032485
24.0000000000000000,2.1191390458323438
25.0000000000000000,2.0616017793508545
26.0000000000000000,2.0576089745711115
27.0000000000000000,1.9971480050674533
28.0000000000000000,1.9861855291971564
29.0000000000000000,1.9778617221745274
30.0000000000000000,1.9772498683853490
31.0000000000000000,1.9772455625547001
32.0000000000000000,1.9768474896888364
33.0000000000000000,1.9766089291025517
34.0000000000000000,1.9763204595265449
35.0000000000000000,1.9761032320030305
36.0000000000000000,1.9752116310823324
37.0000000000000000,1.9740654120799888
38.0000000000000000,1.9732187091962325
39.0000000000000000,1.9719801300350297
40.0000000000000000,1.9713711397178391
41.0000000000000000,1.9705828872382798
42.0000000000000000,1.9701681348154747
43.0000000000000000,1.9692875746835188
44.0000000000000000,1.9690079039419150
45.0000000000000000,1.9685356769522506
46.0000000000000000,1.9679272626245135
47.0000000000000000,1.9679137985045094
48.0000000000000000,1.9662124865477615
49.0000000000000000,1.9658408220765422
50.0000000000000000,1.9658172352645100
51.0000000000000000,1.9652184992286730
52.0000000000000000,1.9651739226865585
53.0000000000000000,1.9650165601009144
54.0000000000000000,1.9648822024413881
55.0000000000000000,1.9648436920326604
56.0000000000000000,1.9648426991808237
57.0000000000000000,1.9646184682293959
58.0000000000000000,1.9645483570180604
59.0000000000000000,1.9643933904233450
60.0000000000000000,1.9638993840381991
61.0000000000000000,1.9634066215005308
62.0000000000000000,1.9631336276329825
63.0000000000000000,1.9629331928271261
64.0000000000000000,1.9623945425435696
65.0000000000000000,1.9618005097950604
66.0000000000000000,1.9609592965766089
67.0000000000000000,1.9603446463306604
68.0000000000000000,1.9596870908825466
69.0000000000000000,1.9590358437689610
70.0000000000000000,1.9590028875007355
71.0000000000000000,1.9581795375235407
72.0000000000000000,1.9580476458093601
73.0000000000000000,1.9580264263242579
74.0000000000000000,1.9577038500374813
75.0000000000000000,1.9576444873027279
76.0000000000000000,1.9576083844042649
77.0000000000000000,1.9573149002769628
78.0000000000000000,1.9568804118451770
79.0000000000000000,1.9564433164655446
80.0000000000000000,1.9559732945256378
81.0000000000000000,1.9554381892395027
82.0000000000000000,1.9547973969283139
83.0000000000000000,1.9547744214507754
84.0000000000000000,1.9541741660420653
85.0000000000000000,1.9540751689943809
86.0000000000000000,1.9535858415845071
87.0000000000000000,1.9533370824790439
88.0000000000000000,1.9532925000379093
89.0000000000000000,1.9530904472535280
90.0000000000000000,1.9530871506581509
91.0000000000000000,1.9529845068328371
92.0000000000000000,1.9529845068328371
93.0000000000000000,1.9528327500954725
94.0000000000000000,1.9528235337916209
95.0000000000000000,1.9527143406068546
96.0000000000000000,1.9526239293364311
97.0000000000000000,1.9524374647588676
98.0000000000000000,1.9516231445435037
99.0000000000000000,1.9510045424488589
100.0000000000000000,1.9507406162760048
101.0000000000000000,1.9504018108965642
102.0000000000000000,1.9503245053329548
103.0000000000000000,1.9502081947712364
104.0000000000000000,1.9499049228089109
105.0000000000000000,1.9491950776899125
106.0000000000000000,1.9480603612962286
107.0000000000000000,1.9479968171668911
108.0000000000000000,1.9469876845920331
109.0000000000000000,1.9463627117722606
110.0000000000000000,1.9459156455997459
111.0000000000000000,1.9458123746623910
112.0000000000000000,1.9458112702951753
113.0000000000000000,1.9456511047085752
114.0000000000000000,1.9456173251222542
115.0000000000000000,1.9454601154115656
116.0000000000000000,1.9452253464198646
117.0000000000000000,1.9448212639518128
118.0000000000000000,1.9430707723494149
119.0000000000000000,1.9422901966866732
120.0000000000000000,1.9412668858472721
121.0000000000000000,1.9405547576123530
122.0000000000000000,1.9397252915475129
123.0000000000000000,1.9394022253792635
124.0000000000000000,1.9391031985507774
125.0000000000000000,1.9388566187945571
126.0000000000000000,1.9388344649226044
127.0000000000000000,1.9384822164774191
128.0000000000000000,1.9384682063544805
129.0000000000000000,1.9382603133786882
130.0000000000000000,1.9382330727524657
131.0000000000000000,1.9381093400651401
132.0000000000000000,1.9380532270062543
133.0000000000000000,1.9377040966917618
134.0000000000000000,1.9376888081930539
135.0000000000000000,1.9375086734448326
136.0000000000000000,1.9374982994768910
137.0000000000000000,1.9373740838735409
138.0000000000000000,1.9373193282479120
139.0000000000000000,1.9370848126653639
140.0000000000000000,1.9369082747506128
141.0000000000000000,1.9368207493487823
142.0000000000000000,1.9351610118033857
143.0000000000000000,1.9348829826771925
144.0000000000000000,1.9334869329572459
145.0000000000000000,1.9332142438524520
146.0000000000000000,1.9325406349831233
147.0000000000000000,1.9322744635884554
148.0000000000000000,1.9320493351345949
149.0000000000000000,1.9318112934542189
150.0000000000000000,1.9315538672242583
151.0000000000000000,1.9314418871752719
152.0000000000000000,1.9305483488260031
153.0000000000000000,1.9301537802062056
154.0000000000000000,1.9298999689891172
155.0000000000000000,1.9296730313108088
156.0000000000000000,1.9296259903433213
157.0000000000000000,1.9289250942760348
158.0000000000000000,1.9286650358217443
159.0000000000000000,1.9282701460335947
160.0000000000000000,1.9281565627319701
161.0000000000000000,1.9281470046436637
162.0000000000000000,1.9280010471751905
163.0000000000000000,1.9279602212556433
164.0000000000000000,1.9278773386976058
165.0000000000000000,1.9278040954418547
166.0000000000000000,1.9276197776461437
167.0000000000000000,1.9249622715030514
168.0000000000000000,1.9239478048870202
169.0000000000000000,1.9233661430555844
170.0000000000000000,1.9227603527645627
171.0000000000000000,1.9222759270205239
172.0000000000000000,1.9221413665305471
173.0000000000000000,1.9219434549779058
174.0000000000000000,1.9215072926201122
175.0000000000000000,1.9214801761771167
176.0000000000000000,1.9206737387448700
177.0000000000000000,1.9205281260204967
178.0000000000000000,1.9203259452587880
179.0000000000000000,1.9202144244346444
180.0000000000000000,1.9200079707324356
181.0000000000000000,1.9199090454506964
182.0000000000000000,1.9197039549902355
183.0000000000000000,1.9193492389999947
184.0000000000000000,1.9190768470054631
185.0000000000000000,1.9186214131766535
186.0000000000000000,1.9169104665997849
187.0000000000000000,1.9148415426798171
188.0000000000000000,1.9139703641774815
189.0000000000000000,1.9135702239459256
190.0000000000000000,1.9134938295216894
191.0000000000000000,1.9131514325775700
192.0000000000000000,1.9129273025013680
193.0000000000000000,1.9128095706491641
194.0000000000000000,1.9126392145909965
195.0000000000000000,1.9125898620587243
196.0000000000000000,1.9124834113901883
197.0000000000000000,1.9124834113901883
198.0000000000000000,1.9121825282333769
199.0000000000000000,1.9121825282333769
200.0000000000000000,1.9120558871672801
201.0000000000000000,1.9120528282409723
202.0000000000000000,1.9119207377814764
203.0000000000000000,1.9117898644410454
204.0000000000000000,1.9115859175187255
205.0000000000000000,1.9115625178689042
206.0000000000000000,1.9109850028512605
207.0000000000000000,1.9104506342085521
208.0000000000000000,1.9100470032345005
209.0000000000000000,1.9100376785488700
210.0000000000000000,1.9093442309760997
211.0000000000000000,1.9087262332612613
212.0000000000000000,1.9087262332612613
213.0000000000000000,1.9085001523279588
214.0000000000000000,1.9083886692430885
215.0000000000000000,1.9083886692430885
216.0000000000000000,1.9082952747389332
217.0000000000000000,1.9082911253081232
218.0000000000000000,1.9081424774954678
219.0000000000000000,1.9081424774954678
220.0000000000000000,1.9080728980043462
221.0000000000000000,1.9080676040948343
222.0000000000000000,1.9079721673604950
223.0000000000000000,1.9075781065788286
224.0000000000000000,1.9060994339113433
225.0000000000000000,1.9054536924697543
226.0000000000000000,1.9041572695932425
227.0000000000000000,1.9034956808639281
228.0000000000000000,1.9024672159268081
229.0000000000000000,1.9018990843057055
230.0000000000000000,1.8995200446166232
231.0000000000000000,1.8989783256048207
232.0000000000000000,1.8988720641340862
233.0000000000000000,1.8984543504915758
234.0000000000000000,1.8983500477885487
235.0000000000000000,1.8982619805560743
236.0000000000000000,1.8981911021345104
237.0000000000000000,1.8981448682231266
238.0000000000000000,1.8977103846488066
239.0000000000000000,1.8975110246321474
240.0000000000000000,1.8968469319743186
241.0000000000000000,1.8965406785865948
242.0000000000000000,1.8964547422296816
243.0000000000000000,1.8959623440451643
244.0000000000000000,1.8959616165686612
245.0000000000000000,1.8955956011105963
246.0000000000000000,1.8955873588208332
247.0000000000000000,1.8954785137213692
248.0000000000000000,1.8954785137213692
249.0000000000000000,1.8954131722727148
250.0000000000000000,1.8954115236985143
251.0000000000000000,1.8952944243228400
252.0000000000000000,1.8942885540807972
253.0000000000000000,1.8926163755075125
254.0000000000000000,1.8919383285302347
255.0000000000000000,1.8918716105559406
256.0000000000000000,1.8906829653443762
257.0000000000000000,1.8906324141411781
258.0000000000000000,1.8903247846270332
259.0000000000000000,1.8903236325930493
260.0000000000000000,1.8901712347344741
261.0000000000000000,1.8901584337818793
262.0000000000000000,1.8899683029313286
263.0000000000000000,1.8898962958974763
264.0000000000000000,1.8897180775220670
265.0000000000000000,1.8885268640007582
266.0000000000000000,1.8885268640007582
267.0000000000000000,1.8859975369112048
268.0000000000000000,1.8852047531622682
269.0000000000000000,1.8840701985163806
270.0000000000000000,1.8840384090541744
271.0000000000000000,1.8837995583312370
272.0000000000000000,1.8836870649224533
273.0000000000000000,1.8835418224911666
274.0000000000000000,1.8833972821517215
275.0000000000000000,1.8829418410995853
276.0000000000000000,1.8825037999113909
277.0000000000000000,1.8812713201673359
278.0000000000000000,1.8805788783403512
279.0000000000000000,1.8799671476392306
280.0000000000000000,1.8792802760007128
281.0000000000000000,1.8787544412526613
282.0000000000000000,1.8782182157244507
283.0000000000000000,1.8775142445148623
284.0000000000000000,1.8765784048616749
285.0000000000000000,1.8755337285887925
286.0000000000000000,1.8748045766846675
287.0000000000000000,1.8743729083369405
288.0000000000000000,1.8735749484111435
289.0000000000000000,1.8731576986269214
290.0000000000000000,1.8729660999427198
291.0000000000000000,1.8729553951489777
292.0000000000000000,1.8725766945022042
293.0000000000000000,1.8725342688235784
294.0000000000000000,1.8721193228078841
295.0000000000000000,1.8721074360264915
296.0000000000000000,1.8719021073093569
297.0000000000000000,1.8718339678258868
298.0000000000000000,1.8716366274695198
299.0000000000000000,1.8713297191855915
300.0000000000000000,1.8712525062774943
301.0000000000000000,1.8705929591714139
302.0000000000000000,1.8704787032292394
303.0000000000000000,1.8693460688040873
304.0000000000000000,1.8685010500793133
305.0000000000000000,1.8679633596659870
306.0000000000000000,1.8679024081823801
307.0000000000000000,1.8677692887228881
308.0000000000000000,1.8675630753839405
309.0000000000000000,1.8674669272446316
310.0000000000000000,1.8672132096989655
311.0000000000000000,1.8669018728713400
312.0000000000000000,1.8668307917699476
313.0000000000000000,1.8661076684911257
314.0000000000000000,1.8655521623014666
315.0000000000000000,1.8651168465688539
316.0000000000000000,1.8649832072627075
317.0000000000000000,1.8647521354463561
318.0000000000000000,1.8644382302300544
319.0000000000000000,1.8639158746199500
320.0000000000000000,1.8614107358911642
321.0000000000000000,1.8591736884268570
322.0000000000000000,1.8584451762532996
323.0000000000000000,1.8575298540341656
324.0000000000000000,1.8573522708758330
325.0000000000000000,1.8570258963451067
326.0000000000000000,1.8570136160074950
327.0000000000000000,1.8568368713464938
328.0000000000000000,1.8568347239728609
329.0000000000000000,1.8567481222497357
330.0000000000000000,1.8567481222497357
331.0000000000000000,1.8566004438952832
332.0000000000000000,1.8565372497913728
333.0000000000000000,1.8562108461244640
334.0000000000000000,1.8556240348050277
335.0000000000000000,1.8539723740057994
336.0000000000000000,1.8524684259174460
337.0000000000000000,1.8516770090378520
338.0000000000000000,1.8507017641694847
339.0000000000000000,1.8501523663894555
340.0000000000000000,1.8500489551574932
341.0000000000000000,1.8499024952348238
342.0000000000000000,1.8497290197802396
343.0000000000000000,1.8488763048794177
344.0000000000000000,1.8476944808362665
345.0000000000000000,1.8464026054596403
346.0000000000000000,1.8455216630817770
347.0000000000000000,1.8452840557834713
348.0000000000000000,1.8443294346094647
349.0000000000000000,1.8426864431542773
350.0000000000000000,1.8421844503519333
351.0000000000000000,1.8413759010317199
352.0000000000000000,1.8398502206095582
353.0000000000000000,1.8391595601261472
354.0000000000000000,1.8379728128237827
355.0000000000000000,1.8375306840747261
356.0000000000000000,1.8374761435634503
357.0000000000000000,1.8370816271800823
358.0000000000000000,1.8370309810632670
359.0000000000000000,1.8367518207866982
360.0000000000000000,1.8366933884550478
361.0000000000000000,1.8365839784987086
362.0000000000000000,1.8362406260227953
363.0000000000000000,1.8360934420877728
364.0000000000000000,1.8357821340794562
365.0000000000000000,1.8355931886184844
366.0000000000000000,1.8334001433696714
367.0000000000000000,1.8330661043189425
368.0000000000000000,1.8323646494924124
369.0000000000000000,1.8321763943184586
370.0000000000000000,1.8316631468719990
371.0000000000000000,1.8313922653190919
372.0000000000000000,1.8313107030254554
373.0000000000000000,1.8311179103920174
374.0000000000000000,1.8305035458722230
375.0000000000000000,1.8300571371186518
376.0000000000000000,1.8300247067423216
377.0000000000000000,1.8275752334787445
378.0000000000000000,1.8270390988450633
379.0000000000000000,1.8268423363793362
380.0000000000000000,1.8265029010307032
381.0000000000000000,1.8260283483983497
382.0000000000000000,1.8257666345814356
383.0000000000000000,1.8255492711502792
384.0000000000000000,1.8253250607007871
385.0000000000000000,1.8252869037546202
386.0000000000000000,1.8251266165399516
387.0000000000000000,1.8251203453216829
388.0000000000000000,1.8249346218282807
389.0000000000000000,1.8248533417794379
390.0000000000000000,1.8246921611943514
391.0000000000000000,1.8243231968105751
392.0000000000000000,1.8241342460823160
393.0000000000000000,1.8231521306908829
394.0000000000000000,1.8231521306908829
395.0000000000000000,1.8219545031251547
396.0000000000000000,1.8219545031251547
397.0000000000000000,1.8215431112850675
398.0000000000000000,1.8215431112850675
399.0000000000000000,1.8213433425048819
400.0000000000000000,1.8213325606552320
401.0000000000000000,1.8211263495176142
402.0000000000000000,1.8208876910445215
403.0000000000000000,1.8205337755562605
404.0000000000000000,1.8199700123443159
405.0000000000000000,1.8187042495223054
406.0000000000000000,1.8173739786694523
407.0000000000000000,1.8171058608141759
408.0000000000000000,1.8162487746588685
409.0000000000000000,1.8159915884152333
410.0000000000000000,1.8158022219445069
411.0000000000000000,1.8154498101996515
412.0000000000000000,1.8152674963778674
413.0000000000000000,1.8151044373485146
414.0000000000000000,1.8148451269106047
415.0000000000000000,1.8143022564214490
416.0000000000000000,1.8138700028707062
417.0000000000000000,1.8121157266785584
418.0000000000000000,1.8113434735282923
419.0000000000000000,1.8098110163452761
420.0000000000000000,1.8092543241840782
421.0000000000000000,1.8086961698936568
422.0000000000000000,1.8083324606077313
423.0000000000000000,1.8080161563720434
424.0000000000000000,1.8079273884354010
425.0000000000000000,1.8068897782671738
426.0000000000000000,1.8066152679030849
427.0000000000000000,1.8062559984755051
428.0000000000000000,1.8060389536221599
429.0000000000000000,1.8060037181164741
430.0000000000000000,1.8058040708714291
431.0000000000000000,1.8058028908723254
432.0000000000000000,1.8053994749261786
433.0000000000000000,1.8053539806475718
434.0000000000000000,1.8051797960763105
435.0000000000000000,1.8051563268611113
436.0000000000000000,1.8047726341780268
437.0000000000000000,1.8046625775749996
438.0000000000000000,1.8044116892577440
439.0000000000000000,1.8041151837736444
440.0000000000000000,1.8034415340424275
441.0000000000000000,1.8033029755426482
442.0000000000000000,1.8018424602840672
443.0000000000000000,1.8011972004810981
444.0000000000000000,1.8010594683258314
445.0000000000000000,1.7998766035211649
446.0000000000000000,1.7997321534941999
447.0000000000000000,1.7994561516904892
448.0000000000000000,1.7993457493989178
449.0000000000000000,1.7991663134723852
450.0000000000000000,1.7990769491806502
451.0000000000000000,1.7983634829231774
452.0000000000000000,1.7981849397768912
453.0000000000000000,1.7981809415339263
454.0000000000000000,1.7973157252933123
455.0000000000000000,1.7972626951035187
456.0000000000000000,1.7969846543886343
457.0000000000000000,1.7969069250166663
458.0000000000000000,1.7966456103149668
459.0000000000000000,1.7963217453707201
460.0000000000000000,1.7959975443166518
461.0000000000000000,1.7952511746086333
462.0000000000000000,1.7952511746086333
463.0000000000000000,1.7942687312058734
464.0000000000000000,1.7939766262152113
465.0000000000000000,1.7932784089948464
466.0000000000000000,1.7932050381861866
467.0000000000000000,1.7932050381861866
468.0000000000000000,1.7929915257595999
469.0000000000000000,1.7929460989919728
470.0000000000000000,1.7926777726018273
471.0000000000000000,1.7924175934136988
472.0000000000000000,1.7916480052048267
473.0000000000000000,1.7914209911014358
474.0000000000000000,1.7885514351695475
475.0000000000000000,1.7881487006300889
476.0000000000000000,1.7872772266588886
477.0000000000000000,1.7869014229579356
478.0000000000000000,1.7864773894586909
479.0000000000000000,1.7862080276381571
480.0000000000000000,1.7859400129887053
481.0000000000000000,1.7857557252035743
482.0000000000000000,1.7851431990108539
483.0000000000000000,1.7846613115759427
484.0000000000000000,1.7846613115759427
485.0000000000000000,1.7835014769437953
486.0000000000000000,1.7834673936918271
487.0000000000000000,1.7831046699928128
488.0000000000000000,1.7830705057422567
489.0000000000000000,1.7828719420277570
490.0000000000000000,1.7827767668139467
491.0000000000000000,1.7819969887369909
492.0000000000000000,1.7814868581684933
493.0000000000000000,1.7792520362202087
494.0000000000000000,1.7781997799851983
495.0000000000000000,1.7779112458864181
496.0000000000000000,1.7778822766481102
497.0000000000000000,1.7768914534315847
498.0000000000000000,1.7766417485114026
499.0000000000000000,1.7766003638869454
500.0000000000000000,1.7763837121671422
501.0000000000000000,1.7762351734399431
502.0000000000000000,1.7761428553441627
503.0000000000000000,1.7757317638427339
504.0000000000000000,1.7737844348560632
505.0000000000000000,1.7733556308119311
506.0000000000000000,1.7724725228830842
507.0000000000000000,1.7724583156930571
508.0000000000000000,1.7712334097645548
509.0000000000000000,1.7712046430353012
510.0000000000000000,1.7706860648018079
511.0000000000000000,1.7706746541994096
512.0000000000000000,1.7702517501769057
513.0000000000000000,1.7701205633561210
514.0000000000000000,1.7698914673802189
515.0000000000000000,1.7697359203058840
516.0000000000000000,1.7693755615616380
517.0000000000000000,1.7685854679216311
518.0000000000000000,1.7663250367999892
519.0000000000000000,1.7649697878286192
520.0000000000000000,1.7638777639075611
521.0000000000000000,1.7638044789642313
522.0000000000000000,1.7631350925219711
523.0000000000000000,1.7631350925219711
524.0000000000000000,1.7620289278464440
525.0000000000000000,1.7620289278464440
526.0000000000000000,1.7616971795007761
527.0000000000000000,1.7616971795007761
528.0000000000000000,1.7615590007488242
529.0000000000000000,1.7615288631884622
530.0000000000000000,1.7612911787788028
531.0000000000000000,1.7612885692441191
532.0000000000000000,1.7609567820470653
533.0000000000000000,1.7609541643247277
534.0000000000000000,1.7607965235283978
535.0000000000000000,1.7607592853787468
536.0000000000000000,1.7600923050920514
537.0000000000000000,1.7595300713742354
538.0000000000000000,1.7589332585687822
539.0000000000000000,1.7587370304459811
540.0000000000000000,1.7575786104268885
541.0000000000000000,1.7568567698471729
542.0000000000000000,1.7551380831524701
543.0000000000000000,1.7547464212126589
544.0000000000000000,1.7545882400310482
545.0000000000000000,1.7531492167765235
546.0000000000000000,1.7521171438128689
547.0000000000000000,1.7517134901305282
548.0000000000000000,1.7511613526913219
549.0000000000000000,1.7506717352107157
550.0000000000000000,1.7498633388620726
551.0000000000000000,1.7490898260045351
552.0000000000000000,1.7478459564746747
553.0000000000000000,1.7467633724765876
554.0000000000000000,1.7455681419431144
555.0000000000000000,1.7441877799776959
556.0000000000000000,1.7428149191906617
557.0000000000000000,1.7412582363096689
558.0000000000000000,1.7399413978481906
559.0000000000000000,1.7386446747382058
560.0000000000000000,1.7373188587429633
561.0000000000000000,1.7356218365128400
562.0000000000000000,1.7343180454174147
563.0000000000000000,1.7338741886237832
564.0000000000000000,1.7322723988736337
565.0000000000000000,1.7317688425964366
566.0000000000000000,1.7299957117048643
567.0000000000000000,1.7297078261548087
568.0000000000000000,1.7297048241100459
569.0000000000000000,1.7292961359269308
570.0000000000000000,1.7292317554261281
571.0000000000000000,1.7290274275901998
572.0000000000000000,1.7288832772161000
573.0000000000000000,1.7286809264198264
574.0000000000000000,1.7284609829426989
575.0000000000000000,1.7276238320777664
576.0000000000000000,1.7262776354871623
577.0000000000000000,1.7231729140223395
578.0000000000000000,1.7219433554256658
579.0000000000000000,1.7201978261464113
580.0000000000000000,1.7186094684936664
581.0000000000000000,1.7179731912214546
582.0000000000000000,1.7176141918916310
583.0000000000000000,1.7161027496313934
584.0000000000000000,1.7158095214783737
585.0000000000000000,1.7155271231533187
586.0000000000000000,1.7153995698761215
587.0000000000000000,1.7153995698761215
588.0000000000000000,1.7150074175182823
589.0000000000000000,1.7148830600944496
590.0000000000000000,1.7147856491078663
591.0000000000000000,1.7145430474886985
592.0000000000000000,1.7145209792033314
593.0000000000000000,1.7141218282656767
594.0000000000000000,1.7140269247740336
595.0000000000000000,1.7137822099335982
596.0000000000000000,1.7130337137724621
597.0000000000000000,1.7113916680004102
598.0000000000000000,1.7101623937441843
599.0000000000000000,1.7101623937441843
600.0000000000000000,1.7075873160470973
601.0000000000000000,1.7070337453524806
602.0000000000000000,1.7062316800799262
603.0000000000000000,1.7059066623784342
604.0000000000000000,1.7058951370552349
605.0000000000000000,1.7055289508391440
606.0000000000000000,1.7054532595066678
607.0000000000000000,1.7053328918847710
608.0000000000000000,1.7048231938919218
609.0000000000000000,1.7044368944966182
610.0000000000000000,1.7032854688961934
611.0000000000000000,1.7021550157647862
612.0000000000000000,1.7010298919806242
613.0000000000000000,1.6990896992724955
614.0000000000000000,1.6986405581005741
615.0000000000000000,1.6983207289593025
616.0000000000000000,1.6975296971475933
617.0000000000000000,1.6972922708364693
618.0000000000000000,1.6971591047466281
619.0000000000000000,1.6970882468513555
620.0000000000000000,1.6970748108501756
621.0000000000000000,1.6966065085769835
622.0000000000000000,1.6964869123722264
623.0000000000000000,1.6964454851570596
624.0000000000000000,1.6958945347663177
625.0000000000000000,1.6955615544987117
626.0000000000000000,1.6947751561579441
627.0000000000000000,1.6945181420771291
628.0000000000000000,1.6942735474120905
629.0000000000000000,1.6936567543091392
630.0000000000000000,1.6936567543091392
631.0000000000000000,1.6930149041421196
632.0000000000000000,1.6929415436945334
633.0000000000000000,1.6928198547364612
634.0000000000000000,1.6927769288726091
635.0000000000000000,1.6925868072338484
636.0000000000000000,1.6925770127735160
637.0000000000000000,1.6921771224454107
638.0000000000000000,1.6921771224454107
639.0000000000000000,1.6920196034363060
640.0000000000000000,1.6920196034363060
641.0000000000000000,1.6919115404591465
642.0000000000000000,1.6919115404591465
643.0000000000000000,1.6918292493279792
644.0000000000000000,1.6918040192728756
645.0000000000000000,1.6915469967258367
646.0000000000000000,1.6888611371048985
647.0000000000000000,1.6876952729232404
648.0000000000000000,1.6861337475641216
649.0000000000000000,1.6857303152322558
650.0000000000000000,1.6839042224631142
651.0000000000000000,1.6832030324641418
652.0000000000000000,1.6823042269693949
653.0000000000000000,1.6817962635116210
654.0000000000000000,1.6816526080335441
655.0000000000000000,1.6814351375422396
656.0000000000000000,1.6814167870386885
657.0000000000000000,1.6812838584441077
658.0000000000000000,1.6812837525435254
659.0000000000000000,1.6809248414538431
660.0000000000000000,1.6809137189820582
661.0000000000000000,1.6806897767523943
662.0000000000000000,1.6800737939959089
663.0000000000000000,1.6780194057037130
664.0000000000000000,1.6765043718786883
665.0000000000000000,1.6764667713275667
666.0000000000000000,1.6750510793395978
667.0000000000000000,1.6744366332253531
668.0000000000000000,1.6737168389952488
669.0000000000000000,1.6734495827981830
670.0000000000000000,1.6732430820614801
671.0000000000000000,1.6728505348097933
672.0000000000000000,1.6719303839040929
673.0000000000000000,1.6703342526351839
674.0000000000000000,1.6703114601561830
675.0000000000000000,1.6675010079422063
676.0000000000000000,1.6665643577818285
677.0000000000000000,1.6661137398799519
678.0000000000000000,1.6658927499691991
679.0000000000000000,1.6657409630896651
680.0000000000000000,1.6653754729647166
681.0000000000000000,1.6650247193773864
682.0000000000000000,1.6640639191517841
683.0000000000000000,1.6639988361337459
684.0000000000000000,1.6599306674630325
685.0000000000000000,1.6595578822362274
686.0000000000000000,1.6595578822362274
687.0000000000000000,1.6590764135143403
688.0000000000000000,1.6590015178778674
689.0000000000000000,1.6588301735334354
690.0000000000000000,1.6587027481359771
691.0000000000000000,1.6584174376681731
692.0000000000000000,1.6569073069998757
693.0000000000000000,1.6556910429397749
694.0000000000000000,1.6535012494271233
695.0000000000000000,1.6525155744238229
696.0000000000000000,1.6524475817078932
697.0000000000000000,1.6506817679153436
698.0000000000000000,1.6494008994960105
699.0000000000000000,1.6484155670868978
700.0000000000000000,1.6481740249409909
701.0000000000000000,1.6480541641305817
702.0000000000000000,1.6478973072869942
703.0000000000000000,1.6478973072869942
704.0000000000000000,1.6475903714587237
705.0000000000000000,1.6475903714587237
706.0000000000000000,1.6474528069604253
707.0000000000000000,1.6474256258057363
708.0000000000000000,1.6471319147264669
709.0000000000000000,1.6467670129952392
710.0000000000000000,1.6462536231140412
711.0000000000000000,1.6451422168237084
712.0000000000000000,1.6444224511787926
713.0000000000000000,1.6415810025794484
714.0000000000000000,1.6407239115761505
715.0000000000000000,1.6406941477177526
716.0000000000000000,1.6384516838578136
717.0000000000000000,1.6373831975259423
718.0000000000000000,1.6359174667853078
719.0000000000000000,1.6354091334057843
720.0000000000000000,1.6352045403467526
721.0000000000000000,1.6348940127981038
722.0000000000000000,1.6344827640577602
723.0000000000000000,1.6335919834103692
724.0000000000000000,1.6329985959670261
725.0000000000000000,1.6308068073527706
726.0000000000000000,1.6307992001861960
727.0000000000000000,1.6266530836322224
728.0000000000000000,1.6266334217892604
729.0000000000000000,1.6254659412816377
730.0000000000000000,1.6254659412816377
731.0000000000000000,1.6250082551198093
732.0000000000000000,1.6250082551198093
733.0000000000000000,1.6247458878262711
734.0000000000000000,1.6247458878262711
735.0000000000000000,1.6245759790615655
736.0000000000000000,1.6245639019865810
737.0000000000000000,1.6243097675719018
738.0000000000000000,1.6239015132499457
739.0000000000000000,1.6235572290752467
740.0000000000000000,1.6235572290752467
741.0000000000000000,1.6226351460540851
742.0000000000000000,1.6225499431188868
743.0000000000000000,1.6216582635821317
744.0000000000000000,1.6216105176314966
745.0000000000000000,1.6212178935702177
746.0000000000000000,1.6212178935702177
747.0000000000000000,1.6210686390174549
748.0000000000000000,1.6210683651597955
749.0000000000000000,1.6209405622058601
750.0000000000000000,1.6208482904644543
751.0000000000000000,1.6205420804346147
752.0000000000000000,1.6205420804346147
753.0000000000000000,1.6202606359887237
754.0000000000000000,1.6202606359887237
755.0000000000000000,1.6200784375554287
756.0000000000000000,1.6200784375554287
757.0000000000000000,1.6199507621264588
758.0000000000000000,1.6199507621264588
759.0000000000000000,1.6198532054624468
760.0000000000000000,1.6198171548039408
761.0000000000000000,1.6191101409504980
762.0000000000000000,1.6148286271173797
763.0000000000000000,1.6122388720071112
764.0000000000000000,1.6119033119839001
765.0000000000000000,1.6103428990367166
766.0000000000000000,1.6074669331098086
767.0000000000000000,1.6065737457423337
768.0000000000000000,1.6061450197373504
769.0000000000000000,1.6030697887915273
770.0000000000000000,1.6030458416802729
771.0000000000000000,1.6022173256546972
772.0000000000000000,1.6022173256546972
773.0000000000000000,1.6018994489506182
774.0000000000000000,1.6018994489506182
775.0000000000000000,1.6017029852806393
776.0000000000000000,1.6017029852806393
777.0000000000000000,1.6015681049338750
778.0000000000000000,1.6015506226207152
779.0000000000000000,1.6011788742626174
780.0000000000000000,1.5993235409857163
781.0000000000000000,1.5988655899509610
782.0000000000000000,1.5934871312458101
783.0000000000000000,1.5934871312458101
784.0000000000000000,1.5907608929979193
785.0000000000000000,1.5907113886903224
786.0000000000000000,1.5888578880989643
787.0000000000000000,1.5888551717780397
788.0000000000000000,1.5881108352298352
789.0000000000000000,1.5881108352298352
790.0000000000000000,1.5877030450803395
791.0000000000000000,1.5877001416018615
792.0000000000000000,1.5873093534631846
793.0000000000000000,1.5872796095550505
794.0000000000000000,1.5866172146952555
795.0000000000000000,1.5858339523200815
796.0000000000000000,1.5801853854842072
797.0000000000000000,1.5755633387075292
798.0000000000000000,1.5747564389641073
799.0000000000000000,1.5734297529984487
800.0000000000000000,1.5705681725356626
801.0000000000000000,1.5675344717525126
802.0000000000000000,1.5664213016151074
803.0000000000000000,1.5660361681714068
804.0000000000000000,1.5620408057976087
805.0000000000000000,1.5608966293649447
806.0000000000000000,1.5576670001805135
807.0000000000000000,1.5567813537466382
808.0000000000000000,1.5563106574836572
809.0000000000000000,1.5562481246665023
810.0000000000000000,1.5559265246873504
811.0000000000000000,1.5556222937872295
812.0000000000000000,1.5554192367405988
813.0000000000000000,1.5545548084671488
814.0000000000000000,1.5540599127572405
815.0000000000000000,1.5528992901908729
816.0000000000000000,1.5508813440671487
817.0000000000000000,1.5494381803042279
818.0000000000000000,1.5467432551396350
819.0000000000000000,1.5444676439756313
820.0000000000000000,1.5433449749427925
821.0000000000000000,1.5429227612188290
822.0000000000000000,1.5421624458519687
823.0000000000000000,1.5409009302830166
824.0000000000000000,1.5403042257676747
825.0000000000000000,1.5402455293174369
826.0000000000000000,1.5388732565351542
827.0000000000000000,1.5384796353311343
828.0000000000000000,1.5383179390631012
829.0000000000000000,1.5380067568864781
830.0000000000000000,1.5375968441136774
831.0000000000000000,1.5370905346357218
832.0000000000000000,1.5369990688258661
833.0000000000000000,1.5348927894991085
834.0000000000000000,1.5345119597085095
835.0000000000000000,1.5344291881560748
836.0000000000000000,1.5341737720022794
837.0000000000000000,1.5341731435226367
838.0000000000000000,1.5337310695563322
839.0000000000000000,1.5336629523451111
840.0000000000000000,1.5334295978525159
841.0000000000000000,1.5331734714484486
842.0000000000000000,1.5320868801501890
843.0000000000000000,1.5275479161962566
844.0000000000000000,1.5261118306532444
845.0000000000000000,1.5248598730707368
846.0000000000000000,1.5228053690062102
847.0000000000000000,1.5204225182528099
848.0000000000000000,1.5188869911436504
849.0000000000000000,1.5185970581397741
850.0000000000000000,1.5128483241469382
851.0000000000000000,1.5116674595717396
852.0000000000000000,1.5105344988322444
853.0000000000000000,1.5098565423719801
854.0000000000000000,1.5098565423719801
855.0000000000000000,1.5092131955969923
856.0000000000000000,1.5091635195713931
857.0000000000000000,1.5089319180975871
858.0000000000000000,1.5088759867108223
859.0000000000000000,1.5085341998302291
860.0000000000000000,1.5081245446385341
861.0000000000000000,1.5062764616902684
862.0000000000000000,1.5056196402785331
863.0000000000000000,1.4990751226303847
864.0000000000000000,1.4986311395095560
865.0000000000000000,1.4955187611905993
866.0000000000000000,1.4938225460880457
867.0000000000000000,1.4919485980907854
868.0000000000000000,1.4913671233358110
869.0000000000000000,1.4912684509766452
870.0000000000000000,1.4903181436365098
871.0000000000000000,1.4901313410673172
872.0000000000000000,1.4897475971260921
873.0000000000000000,1.4896027433844097
874.0000000000000000,1.4891035433067805
875.0000000000000000,1.4879921693194207
876.0000000000000000,1.4871507753803606
877.0000000000000000,1.4868080437148301
878.0000000000000000,1.4824301066809467
879.0000000000000000,1.4822638694874604
880.0000000000000000,1.4805678661394224
881.0000000000000000,1.4804860079583106
882.0000000000000000,1.4796281075484863
883.0000000000000000,1.4795730099802153
884.0000000000000000,1.4788849774190296
885.0000000000000000,1.4786805536661476
886.0000000000000000,1.4783830721634701
887.0000000000000000,1.4783717461548598
888.0000000000000000,1.4777153820426001
889.0000000000000000,1.4777153820426001
890.0000000000000000,1.4774505836750516
891.0000000000000000,1.4774401386538529
892.0000000000000000,1.4770835278445689
893.0000000000000000,1.4765353283009093
894.0000000000000000,1.4755461889209283
895.0000000000000000,1.4749274307431477
896.0000000000000000,1.4738813383293898
897.0000000000000000,1.4738637863371855
898.0000000000000000,1.4731828866876964
899.0000000000000000,1.4725922923159527
900.0000000000000000,1.4722868641916882
901.0000000000000000,1.4722460961394550
902.0000000000000000,1.4719519305314637
903.0000000000000000,1.4716053096664714
904.0000000000000000,1.4708700207300220
905.0000000000000000,1.4703199036372467
906.0000000000000000,1.4667372208579379
907.0000000000000000,1.4660431458065897
908.0000000000000000,1.4645221000776196
909.0000000000000000,1.4635404467977133
910.0000000000000000,1.4623934457127494
911.0000000000000000,1.4619080844599113
912.0000000000000000,1.4616598523026145
913.0000000000000000,1.4613415854790444
914.0000000000000000,1.4596095033450169
915.0000000000000000,1.4587482505380651
916.0000000000000000,1.4576904238962003
917.0000000000000000,1.4550189080610165
918.0000000000000000,1.4528977387225257
919.0000000000000000,1.4516331130036557
920.0000000000000000,1.4508315805472165
921.0000000000000000,1.4501722132442929
922.0000000000000000,1.4489007835205763
923.0000000000000000,1.4482352445058533
924.0000000000000000,1.4482083773300407
925.0000000000000000,1.4467113346194140
926.0000000000000000,1.4465616417706679
927.0000000000000000,1.4461025568453227
928.0000000000000000,1.4456033605010166
929.0000000000000000,1.4454905135560452
930.0000000000000000,1.4450605334444380
931.0000000000000000,1.4449592223605365
932.0000000000000000,1.4444479523119349
933.0000000000000000,1.4442966567636335
934.0000000000000000,1.4438238821677647
935.0000000000000000,1.4429912144591823
936.0000000000000000,1.4419069837584442
937.0000000000000000,1.4393147522743479
938.0000000000000000,1.4359507218792598
939.0000000000000000,1.4329303693842657
940.0000000000000000,1.4318493484166543
941.0000000000000000,1.4302433773424679
942.0000000000000000,1.4296609220249004
943.0000000000000000,1.4283606490175287
944.0000000000000000,1.4276017136675874
945.0000000000000000,1.4270800772310714
946.0000000000000000,1.4270336165839721
947.0000000000000000,1.4266276977362795
948.0000000000000000,1.4266276977362795
949.0000000000000000,1.4260282366121302
950.0000000000000000,1.4259000693230042
951.0000000000000000,1.4246962143062840
952.0000000000000000,1.4231463703306846
953.0000000000000000,1.4228028723199293
954.0000000000000000,1.4193149328432535
955.0000000000000000,1.4174496511925507
956.0000000000000000,1.4173553858531007
957.0000000000000000,1.4154657336967951
958.0000000000000000,1.4154218268904257
959.0000000000000000,1.4136003168417088
960.0000000000000000,1.4135263366737403
961.0000000000000000,1.4131265218737696
962.0000000000000000,1.4131076458607730
963.0000000000000000,1.4126452962983185
964.0000000000000000,1.4125017501791646
965.0000000000000000,1.4122981531691954
966.0000000000000000,1.4096563612175290
967.0000000000000000,1.4092845290090699
968.0000000000000000,1.4019112629335293
969.0000000000000000,1.3993278914323988
970.0000000000000000,1.3981077731954648
971.0000000000000000,1.3965010613855544
972.0000000000000000,1.3935356850460101
973.0000000000000000,1.3930919088687255
974.0000000000000000,1.3878642611543657
975.0000000000000000,1.3861925029254014
976.0000000000000000,1.3843697725530326
977.0000000000000000,1.3842222191980844
978.0000000000000000,1.3817586427341333
979.0000000000000000,1.3806019494124275
980.0000000000000000,1.3801251112344255
981.0000000000000000,1.3799159742896028
982.0000000000000000,1.3796281215665489
983.0000000000000000,1.3796281215665489
984.0000000000000000,1.3788607274345475
985.0000000000000000,1.3788503296978329
986.0000000000000000,1.3785088955773497
987.0000000000000000,1.3783511529866574
988.0000000000000000,1.3779947934284689
989.0000000000000000,1.3779947934284689
990.0000000000000000,1.3774666205819346
991.0000000000000000,1.3774666205819346
992.0000000000000000,1.3771911469601792
993.0000000000000000,1.3771787442689349
994.0000000000000000,1.3768207669728478
995.0000000000000000,1.3757440728780115
996.0000000000000000,1.3724716976537736
997.0000000000000000,1.3699664367006492
998.0000000000000000,1.3674947692133252
999.0000000000000000,1.3674947692133252
1000.0000000000000000,1.3622834013701401
1001.0000000000000000,1.3614554779463282
1002.0000000000000000,1.3597976964669540
1003.0000000000000000,1.3597929497729346
1004.0000000000000000,1.3590068925789540
1005.0000000000000000,1.3589606307229014
1006.0000000000000000,1.3584193027305900
1007.0000000000000000,1.3582528197498105
1008.0000000000000000,1.3572967478380245
1009.0000000000000000,1.3571943492042104
1010.0000000000000000,1.3558163426054368
1011.0000000000000000,1.3549539205458654
1012.0000000000000000,1.3528499620751873
1013.0000000000000000,1.3521470413975027
1014.0000000000000000,1.3516047769751303
1015.0000000000000000,1.3510259854677538
1016.0000000000000000,1.3498548728144564
1017.0000000000000000,1.3481289388878346
1018.0000000000000000,1.3476120967906708
1019.0000000000000000,1.3445033078662310
1020.0000000000000000,1.3411808932492955
1021.0000000000000000,1.3379326038785562
1022.0000000000000000,1.3368190100970194
1023.0000000000000000,1.3363305696437111
1024.0000000000000000,1.3352099533239123
1025.0000000000000000,1.3349542860076409
1026.0000000000000000,1.3348892978895583
1027.0000000000000000,1.3342694396363302
1028.0000000000000000,1.3342636342861498
1029.0000000000000000,1.3333030681794571
1030.0000000000000000,1.3333030681794571
1031.0000000000000000,1.3328849554070648
1032.0000000000000000,1.3328849554070648
1033.0000000000000000,1.3326250461567672
1034.0000000000000000,1.3326094753551194
1035.0000000000000000,1.3322007710881969
1036.0000000000000000,1.3309670389277979
1037.0000000000000000,1.3268696464134446
1038.0000000000000000,1.3248517402237567
1039.0000000000000000,1.3189645443148117
1040.0000000000000000,1.3177620118367692
1041.0000000000000000,1.3128073029653500
1042.0000000000000000,1.3101845040467750
1043.0000000000000000,1.3098157546981997
1044.0000000000000000,1.3096785983828725
1045.0000000000000000,1.3085632764650552
1046.0000000000000000,1.3083490072911070
1047.0000000000000000,1.3077650559482297
1048.0000000000000000,1.3072324381509453
1049.0000000000000000,1.3067483655829764
1050.0000000000000000,1.3061438457022947
1051.0000000000000000,1.3035851496602784
1052.0000000000000000,1.3004039591551626
1053.0000000000000000,1.3002334606121353
1054.0000000000000000,1.2967906181421935
1055.0000000000000000,1.2962420107854680
1056.0000000000000000,1.2954718087480943
1057.0000000000000000,1.2952880805551097
1058.0000000000000000,1.2952807682608094
1059.0000000000000000,1.2941557595477411
1060.0000000000000000,1.2939564107662838
1061.0000000000000000,1.2937702991474824
1062.0000000000000000,1.2937658287741327
1063.0000000000000000,1.2932341697303591
1064.0000000000000000,1.2931025998580714
1065.0000000000000000,1.2923312795515234
1066.0000000000000000,1.2917511620340691
1067.0000000000000000,1.2891102066952052
1068.0000000000000000,1.2881436150317258
1069.0000000000000000,1.2861619848642922
1070.0000000000000000,1.2834006380450804
1071.0000000000000000,1.2795659256545042
1072.0000000000000000,1.2767942087591690
1073.0000000000000000,1.2730577939517562
1074.0000000000000000,1.2695698883014979
1075.0000000000000000,1.2625184755140488
1076.0000000000000000,1.2597002032697360
1077.0000000000000000,1.2586715935915878
1078.0000000000000000,1.2578397752905917
1079.0000000000000000,1.2575063232789230
1080.0000000000000000,1.2570237187962918
1081.0000000000000000,1.2542161726208321
1082.0000000000000000,1.2493662852233554
1083.0000000000000000,1.2399348327476061
1084.0000000000000000,1.2352473648166269
1085.0000000000000000,1.2346434847081798
1086.0000000000000000,1.2310839564846818
1087.0000000000000000,1.2304542188903862
1088.0000000000000000,1.2298908161862516
1089.0000000000000000,1.2289102078548553
1090.0000000000000000,1.2288103555290950
1091.0000000000000000,1.2274144396817448
1092.0000000000000000,1.2268311360875217
1093.0000000000000000,1.2261739283400959
1094.0000000000000000,1.2257185980544394
1095.0000000000000000,1.2241601905982766
1096.0000000000000000,1.2231505178455500
1097.0000000000000000,1.2217814834613818
1098.0000000000000000,1.2214459886862592
1099.0000000000000000,1.2202491001163509
1100.0000000000000000,1.2145142991328146
1101.0000000000000000,1.2095200493081568
1102.0000000000000000,1.1977362867832857
1103.0000000000000000,1.1927271672102180
1104.0000000000000000,1.1912592425929782
1105.0000000000000000,1.1908421362326280
1106.0000000000000000,1.1874119541000705
1107.0000000000000000,1.1866217387824824
1108.0000000000000000,1.1830161700725663
1109.0000000000000000,1.1826726524020210
1110.0000000000000000,1.1818923109671795
1111.0000000000000000,1.1816908989032000
1112.0000000000000000,1.1816899791238122
1113.0000000000000000,1.1810519110386359
1114.0000000000000000,1.1807857823001742
1115.0000000000000000,1.1792812800371708
1116.0000000000000000,1.1754816680116966
1117.0000000000000000,1.1691975005308131
1118.0000000000000000,1.1664531018297193
1119.0000000000000000,1.1629691233955528
1120.0000000000000000,1.1581376983450375
1121.0000000000000000,1.1550664926900605
1122.0000000000000000,1.1550664926900605
1123.0000000000000000,1.1479314200686663
1124.0000000000000000,1.1458191998495835
1125.0000000000000000,1.1428370781422950
1126.0000000000000000,1.1423083362153905
1127.0000000000000000,1.1411953610088839
1128.0000000000000000,1.1407538598567279
1129.0000000000000000,1.1406447795735868
1130.0000000000000000,1.1386380753951990
1131.0000000000000000,1.1380943052912371
1132.0000000000000000,1.1379290688918331
1133.0000000000000000,1.1348105283651473
1134.0000000000000000,1.1342359124275601
1135.0000000000000000,1.1337704422606236
1136.0000000000000000,1.1337340291198679
1137.0000000000000000,1.1327846520346083
1138.0000000000000000,1.1325497394526181
1139.0000000000000000,1.1311786724475361
1140.0000000000000000,1.1294958576277483
1141.0000000000000000,1.1275273709924143
1142.0000000000000000,1.1177542156309572
1143.0000000000000000,1.1159786985729161
1144.0000000000000000,1.1087509502443185
1145.0000000000000000,1.1082838734553551
1146.0000000000000000,1.1031193385755351
1147.0000000000000000,1.1027431032954684
1148.0000000000000000,1.1000071658278081
1149.0000000000000000,1.0999955696239969
1150.0000000000000000,1.0988144429962714
1151.0000000000000000,1.0988144429962714
1152.0000000000000000,1.0981656955317620
1153.0000000000000000,1.0981585841800954
1154.0000000000000000,1.0973896572499418
1155.0000000000000000,1.0969343729474361
1156.0000000000000000,1.0940753036594582
1157.0000000000000000,1.0884092400215020
1158.0000000000000000,1.0811119818883841
1159.0000000000000000,1.0783227838452096
1160.0000000000000000,1.0766665564550968
1161.0000000000000000,1.0762807987377454
1162.0000000000000000,1.0758345502773630
1163.0000000000000000,1.0745077462227925
1164.0000000000000000,1.0721793381166507
1165.0000000000000000,1.0704894932597608
1166.0000000000000000,1.0696776177100262
1167.0000000000000000,1.0696569329559360
1168.0000000000000000,1.0660557367284293
1169.0000000000000000,1.0656274001903134
1170.0000000000000000,1.0623533958834528
1171.0000000000000000,1.0621452017425468
1172.0000000000000000,1.0610598603218364
1173.0000000000000000,1.0610248803010762
1174.0000000000000000,1.0602907242808348
1175.0000000000000000,1.0596194038014441
1176.0000000000000000,1.0513798080973769
1177.0000000000000000,1.0474837125323984
1178.0000000000000000,1.0383969015927448
1179.0000000000000000,1.0297863760641632
1180.0000000000000000,1.0223020516569321
1181.0000000000000000,1.0205484332593717
1182.0000000000000000,1.0067783962720864
1183.0000000000000000,1.0044231680199154
1184.0000000000000000,1.0044231680199152
1185.0000000000000000,1.0013207444316523
1186.0000000000000000,1.0012986572370306
1187.0000000000000000,0.9999626701759518
1188.0000000000000000,0.9998082776461454
1189.0000000000000000,0.9985606925493572
1190.0000000000000000,0.9973177255469221
1191.0000000000000000,0.9936994720223321
1192.0000000000000000,0.9838378669232006
1193.0000000000000000,0.9710208130389418
1194.0000000000000000,0.9679158354126062
1195.0000000000000000,0.9679158354126062
1196.0000000000000000,0.9610465800848722
1197.0000000000000000,0.9606075609798287
1198.0000000000000000,0.9582560854722648
1199.0000000000000000,0.9581286340134993
1200.0000000000000000,0.9560507176967730
1201.0000000000000000,0.9555280437761601
1202.0000000000000000,0.9538127795768557
1203.0000000000000000,0.9528624782670508
1204.0000000000000000,0.9528149808988852
1205.0000000000000000,0.9516183765940848
1206.0000000000000000,0.9516183765940848
1207.0000000000000000,0.9490460006215159
1208.0000000000000000,0.9490460006215159
1209.0000000000000000,0.9481912321897964
1210.0000000000000000,0.9481912321897963
1211.0000000000000000,0.9476349661932780
1212.0000000000000000,0.9476311458017885
1213.0000000000000000,0.9469079177718995
1214.0000000000000000,0.9453087404067217
1215.0000000000000000,0.9352238347299177
1216.0000000000000000,0.9338949660619665
1217.0000000000000000,0.9328724768458548
1218.0000000000000000,0.9265489425402214
1219.0000000000000000,0.9225470794402959
1220.0000000000000000,0.9065300511541290
1221.0000000000000000,0.9065300511541289
1222.0000000000000000,0.9012266652385141
1223.0000000000000000,0.9012266652385141
1224.0000000000000000,0.8982895128577851
1225.0000000000000000,0.8982895128577851
1226.0000000000000000,0.8965047972191081
1227.0000000000000000,0.8965047972191081
1228.0000000000000000,0.8953456429758563
1229.0000000000000000,0.8953456429758563
1230.0000000000000000,0.8945396509844403
1231.0000000000000000,0.8945387131879876
1232.0000000000000000,0.8938473788216996
1233.0000000000000000,0.8936097362844951
1234.0000000000000000,0.8913728515759018
1235.0000000000000000,0.8913116504549574
1236.0000000000000000,0.8859902933663611
1237.0000000000000000,0.8846881079400079
1238.0000000000000000,0.8767370453805254
1239.0000000000000000,0.8767370453805254
1240.0000000000000000,0.8637183287395709
1241.0000000000000000,0.8626676216167714
1242.0000000000000000,0.8544326904793259
1243.0000000000000000,0.8544326904793259
1244.0000000000000000,0.8518256457230627
1245.0000000000000000,0.8518256457230626
1246.0000000000000000,0.8501489941225392
1247.0000000000000000,0.8501489941225392
1248.0000000000000000,0.8490100715816435
1249.0000000000000000,0.8490100715816435
1250.0000000000000000,0.8481857842610556
1251.0000000000000000,0.8481724419803391
1252.0000000000000000,0.8471263526959145
1253.0000000000000000,0.8465930641258020
1254.0000000000000000,0.8342563641244433
1255.0000000000000000,0.7922092964600582
1256.0000000000000000,0.7879437073888934
1257.0000000000000000,0.7716087968279920
1258.0000000000000000,0.7624341641450576
1259.0000000000000000,0.7596898869508892
1260.0000000000000000,0.7574884533960730
1261.0000000000000000,0.7559806449540809
1262.0000000000000000,0.7537657370719989
1263.0000000000000000,0.7278432523159791
1264.0000000000000000,0.6914190148937285
1265.0000000000000000,0.6908194722374154
1266.0000000000000000,0.6570004941641818
1267.0000000000000000,0.6470153623394407
1268.0000000000000000,0.6468348564045026
1269.0000000000000000,0.6368981865746265
1270.0000000000000000,0.6345008553821917
1271.0000000000000000,0.6311523506644694
1272.0000000000000000,0.6303734059753194
1273.0000000000000000,0.6274906987683356
1274.0000000000000000,0.6268333358322304
1275.0000000000000000,0.6217551051534356
1276.0000000000000000,0.6197764329753479
1277.0000000000000000,0.6192401504939884
1278.0000000000000000,0.6078084308222254
1279.0000000000000000,0.6078084308222252
1280.0000000000000000,0.5980917143028986
1281.0000000000000000,0.5973136687018756
1282.0000000000000000,0.5961857574475792
1283.0000000000000000,0.5961713805133059
1284.0000000000000000,0.5933892795635490
1285.0000000000000000,0.5932235202995728
1286.0000000000000000,0.5903558162637765
1287.0000000000000000,0.5890518952004513
1288.0000000000000000,0.5881086776963568
1289.0000000000000000,0.5818437777885949
1290.0000000000000000,0.5818437777885948
1291.0000000000000000,0.5738664170354681
1292.0000000000000000,0.5738664170354681
1293.0000000000000000,0.5711737642666451
1294.0000000000000000,0.5711737642666450
1295.0000000000000000,0.5695375170325155
1296.0000000000000000,0.5695375170325154
1297.0000000000000000,0.5683369403858467
1298.0000000000000000,0.5682235986242654
1299.0000000000000000,0.5659265717522198
1300.0000000000000000,0.5392558612335322
1301.0000000000000000,0.4754007251270136
1302.0000000000000000,0.4661328298860993
1303.0000000000000000,0.4627530824894180
1304.0000000000000000,0.4627530824894180
1305.0000000000000000,0.4579850710073696
1306.0000000000000000,0.4569254615236563
1307.0000000000000000,0.4525262691883692
1308.0000000000000000,0.4483493859311686
1309.0000000000000000,0.4386834747069583
1310.0000000000000000,0.4255259824624585
1311.0000000000000000,0.4246195417567563
1312.0000000000000000,0.4088496465910683
1313.0000000000000000,0.4088496465910682
1314.0000000000000000,0.4043751890781774
1315.0000000000000000,0.4043751890781772
1316.0000000000000000,0.4021951180458125
1317.0000000000000000,0.4014193102392382
1318.0000000000000000,0.3947060025563490
1319.0000000000000000,0.3923926969287041
1320.0000000000000000,0.3678662855397372
1321.0000000000000000,0.3570945447943233
1322.0000000000000000,0.3458219857072241
1323.0000000000000000,0.2941109734269885
1324.0000000000000000,0.2643047760572569
1325.0000000000000000,0.2498722455238673
1326.0000000000000000,0.2498623633221025
1327.0000000000000000,0.2050904555431809
1328.0000000000000000,0.2009733422442420
1329.0000000000000000,0.1720654216402760
1330.0000000000000000,0.1672135034074910
1331.0000000000000000,0.1559737766847118
1332.0000000000000000,0.1550344362581472
1333.0000000000000000,0.1473609077316830
1334.0000000000000000,0.1406398878400991
1335.0000000000000000,0.1242278005591063
1336.0000000000000000,0.1139509386644500
1337.0000000000000000,0.0990340621787818
1338.0000000000000000,0.0850742603684026
1339.0000000000000000,0.0700471108404755
1340.0000000000000000,0.0578291554343865
1341.0000000000000000,0.0473851930295466
1342.0000000000000000,0.0344415385370759
1343.0000000000000000,0.0344415385370751
1344.0000000000000000,0.0006067631271603
1345.0000000000000000,0.0006067631271601
1346.0000000000000000,-0.0102434642668820
1347.0000000000000000,-0.0102434642668822
1348.0000000000000000,-0.0148781333828426
1349.0000000000000000,-0.0168233794898467
1350.0000000000000000,-0.0272507775876646
1351.0000000000000000,-0.0317992361972997
1352.0000000000000000,-0.0371848255883937
1353.0000000000000000,-0.0855103177750312
1354.0000000000000000,-0.1067098585720824
1355.0000000000000000,-0.2248217567871418
1356.0000000000000000,-0.2560426169559191
1357.0000000000000000,-0.3016764340209687
1358.0000000000000000,-0.3686580227401589
1359.0000000000000000,-0.4337975028714848
1360.0000000000000000,-0.4385184616346042
1361.0000000000000000,-0.4900285791223601
1362.0000000000000000,-0.5059349760731607
1363.0000000000000000,-0.5160402322844958
1364.0000000000000000,-0.5244872419713231
1365.0000000000000000,-0.5288938169475303
1366.0000000000000000,-0.5310371358755658
1367.0000000000000000,-0.5312531394214243
1368.0000000000000000,-0.5388379269492355
1369.0000000000000000,-0.5415736065577514
1370.0000000000000000,-0.5434723423591891
1371.0000000000000000,-0.5543852444129066
1372.0000000000000000,-0.5896572841196022
1373.0000000000000000,-0.6481648021056642
1374.0000000000000000,-0.6541754624110051
1375.0000000000000000,-0.7594007539125331
1376.0000000000000000,-0.7775283759652332
1377.0000000000000000,-0.7821412102212241
1378.0000000000000000,-0.7827343339673620
1379.0000000000000000,-0.7863436036199855
1380.0000000000000000,-0.7886599842843712
1381.0000000000000000,-0.7901058160530247
1382.0000000000000000,-0.7933915039841939
1383.0000000000000000,-0.8019612453134795
1384.0000000000000000,-0.8019612453134802
1385.0000000000000000,-0.8165816370047306
1386.0000000000000000,-0.8165816370047306
1387.0000000000000000,-0.8205433666086214
1388.0000000000000000,-0.8205433666086217
1389.0000000000000000,-0.8226321065115944
1390.0000000000000000,-0.8226321065115950
1391.0000000000000000,-0.8240782244414466
1392.0000000000000000,-0.8241855152991818
1393.0000000000000000,-0.8268373528185552
1394.0000000000000000,-0.8396327789111564
1395.0000000000000000,-0.8730524398057873
1396.0000000000000000,-0.9166352064695120
1397.0000000000000000,-0.9613097215105347
1398.0000000000000000,-0.9688395581496488
1399.0000000000000000,-0.9731887336242908
1400.0000000000000000,-0.9737782668255220
1401.0000000000000000,-0.9752377241065984
1402.0000000000000000,-0.9752377241065988
1403.0000000000000000,-0.9779471517328159
1404.0000000000000000,-0.9779471517328164
1405.0000000000000000,-0.9794700626261131
1406.0000000000000000,-0.9795081443819479
1407.0000000000000000,-0.9812452037093150
1408.0000000000000000,-0.9838045502648309
1409.0000000000000000,-1.0049606673987785
1410.0000000000000000,-1.0099219054880313
1411.0000000000000000,-1.0317872320384813
1412.0000000000000000,-1.0352031120584193
1413.0000000000000000,-1.1211119194697223
1414.0000000000000000,-1.1211119194697241
1415.0000000000000000,-1.1431935109249649
1416.0000000000000000,-1.1431935109249649
1417.0000000000000000,-1.1558944653286658
1418.0000000000000000,-1.1558944653286660
1419.0000000000000000,-1.1634317704053305
1420.0000000000000000,-1.1634317704053307
1421.0000000000000000,-1.1680538704534325
1422.0000000000000000,-1.1680538704534329
1423.0000000000000000,-1.1710071879289501
1424.0000000000000000,-1.1710071879289508
1425.0000000000000000,-1.1729963014882319
1426.0000000000000000,-1.1729963014882325
1427.0000000000000000,-1.1744245099490247
1428.0000000000000000,-1.1745041818589477
1429.0000000000000000,-1.1770135203296372
1430.0000000000000000,-1.1824631655044373
1431.0000000000000000,-1.1926458146957990
1432.0000000000000000,-1.2456169933758368
1433.0000000000000000,-1.2747470999471631
1434.0000000000000000,-1.2879070522215754
1435.0000000000000000,-1.3069994939276406
1436.0000000000000000,-1.3884127188991757
1437.0000000000000000,-1.6057329165505618
1438.0000000000000000,-1.9740915532001488
1439.0000000000000000,-2.2422080222882124
1440.0000000000000000,-2.3303119896586666
1441.0000000000000000,-2.6248865777715529
1442.0000000000000000,-2.6285105481644622
1443.0000000000000000,-2.6903924339469993
1444.0000000000000000,-2.6903924339469993
1445.0000000000000000,-2.7150780522371547
1446.0000000000000000,-2.7150780522371547
1447.0000000000000000,-2.7286180353185769
1448.0000000000000000,-2.7286180353185769
1449.0000000000000000,-2.7364245268807532
1450.0000000000000000,-2.7364245268807532
1451.0000000000000000,-2.7410511588252646
1452.0000000000000000,-2.7410511588252655
1453.0000000000000000,-2.7438842148026361
1454.0000000000000000,-2.7438842148026374
1455.0000000000000000,-2.7456986911888221
1456.0000000000000000,-2.7456986911888235
1457.0000000000000000,-2.7469322588212024
1458.0000000000000000,-2.7469322588212046
1459.0000000000000000,-2.7478334519496044
1460.0000000000000000,-2.7478395562873477
1461.0000000000000000,-2.7487754264364925
1462.0000000000000000,-2.7497162165956515
1463.0000000000000000,-2.7601871185094118
1464.0000000000000000,-2.7992182447479772
1465.0000000000000000,-2.8271382698590179
1466.0000000000000000,-2.9308538529963486
1467.0000000000000000,-2.9808575234852408
1468.0000000000000000,-3.0362031436051460
1469.0000000000000000,-3.0732237973784837
1470.0000000000000000,-3.0738295306627790
1471.0000000000000000,-3.0738428995179938
1472.0000000000000000,-3.0753413167613886
1473.0000000000000000,-3.0761962814850459
1474.0000000000000000,-3.0788671708053665
1475.0000000000000000,-3.0839660995777636
1476.0000000000000000,-3.0862603201465952
1477.0000000000000000,-3.0923610378346362
1478.0000000000000000,-3.0923610378346447
1479.0000000000000000,-3.1004371331080152
1480.0000000000000000,-3.1004371331080165
1481.0000000000000000,-3.1032029472937301
1482.0000000000000000,-3.1032029472937324
1483.0000000000000000,-3.1046949163373418
1484.0000000000000000,-3.1046949163373441
1485.0000000000000000,-3.1056524479962402
1486.0000000000000000,-3.1056524479962468
1487.0000000000000000,-3.1063610198535514
1488.0000000000000000,-3.1066813756256986
1489.0000000000000000,-3.1115936747734461
1490.0000000000000000,-3.1303037341831881
1491.0000000000000000,-3.1893975401410963
1492.0000000000000000,-3.2330372589110756
1493.0000000000000000,-3.4020235864760755
1494.0000000000000000,-3.6152567812815413
1495.0000000000000000,-3.9669798417665483
1496.0000000000000000,-3.9801289537889524
1497.0000000000000000,-4.2072311335397865
1498.0000000000000000,-4.2072311335398238
1499.0000000000000000,-4.3580407796587641
1500.0000000000000000,-4.3699074483407463
1501.0000000000000000,-4.4960585805140294
1502.0000000000000000,-4.5014635570628965
1503.0000000000000000,-4.5496034317271228
1504.0000000000000000,-4.5496034317271521
1505.0000000000000000,-4.5637271937953390
1506.0000000000000000,-4.5637271937953647
1507.0000000000000000,-4.5702444255622057
1508.0000000000000000,-4.5706891464466848
1509.0000000000000000,-4.5772383239437247
1510.0000000000000000,-4.5781017844802232
1511.0000000000000000,-4.5800433051104683
1512.0000000000000000,-4.5813649846885527
1513.0000000000000000,-4.5915627379681014
1514.0000000000000000,-4.6238485797383726
1515.0000000000000000,-4.6750931546363601
1516.0000000000000000,-4.7018740123083642
1517.0000000000000000,-4.8981205714098639
1518.0000000000000000,-5.1962882028097104
1519.0000000000000000,-5.3889756953981660
1520.0000000000000000,-5.6857743542198715
1521.0000000000000000,-6.1151985604800361
1522.0000000000000000,-6.1339586680520775
1523.0000000000000000,-6.1339586680520926
1524.0000000000000000,-6.1421196691846198
1525.0000000000000000,-6.1424943943846806
1526.0000000000000000,-6.1477535073673026
1527.0000000000000000,-6.1481987977525909
1528.0000000000000000,-6.1517358194348093
1529.0000000000000000,-6.1528172914230881
1530.0000000000000000,-6.1564940073664021
1531.0000000000000000,-6.1637114883859052
1532.0000000000000000,-6.1806129028189911
1533.0000000000000000,-6.1977069813914465
1534.0000000000000000,-6.2257507073125637
1535.0000000000000000,-6.2477022973409770
1536.0000000000000000,-6.2818220961324824
1537.0000000000000000,-6.2846562030183089
1538.0000000000000000,-6.3227009860350378
1539.0000000000000000,-6.3260547917103676
1540.0000000000000000,-6.3327102722276845
1541.0000000000000000,-6.3362844568303789
1542.0000000000000000,-6.3405713880634602
1543.0000000000000000,-6.3430594690193640
1544.0000000000000000,-6.3457874140275168
1545.0000000000000000,-6.3526909107766372
1546.0000000000000000,-6.3594205279533647
1547.0000000000000000,-6.3665078216814921
1548.0000000000000000,-6.3700409408425429
1549.0000000000000000,-6.3754897520448344
1550.0000000000000000,-6.3760793118631209
1551.0000000000000000,-6.3767418499151161
1552.0000000000000000,-6.3790837374039242
1553.0000000000000000,-6.3791342371252480
1554.0000000000000000,-6.3821185051881502
1555.0000000000000000,-6.3828166457899522
1556.0000000000000000,-6.3829069554455842
1557.0000000000000000,-6.3844316878572434
1558.0000000000000000,-6.3844448967518508
1559.0000000000000000,-6.3864511761793041
1560.0000000000000000,-6.3864511761794631
1561.0000000000000000,-6.3874427857518565
1562.0000000000000000,-6.3874427857520475
1563.0000000000000000,-6.3881702490029761
1564.0000000000000000,-6.3882303561568943
1565.0000000000000000,-6.3896463940942310
1566.0000000000000000,-6.4190618999049054
1567.0000000000000000,-6.6093169199288253
1568.0000000000000000,-6.6185493980700398
1569.0000000000000000,-6.9181624742947339
1570.0000000000000000,-6.9181624742947339
1571.0000000000000000,-7.1961076100158126
1572.0000000000000000,-7.1961076100158126
1573.0000000000000000,-7.4670338998277677
1574.0000000000000000,-7.4670338998277677
1575.0000000000000000,-7.7324339491908383
1576.0000000000000000,-7.7324339491908383
1577.0000000000000000,-7.9929538091201398
1578.0000000000000000,-7.9929538091201398
1579.0000000000000000,-8.2485634911625922
1580.0000000000000000,-8.2485634911625922
1581.0000000000000000,-8.4983838050881140
1582.0000000000000000,-8.4983838050881140
1583.0000000000000000,-8.7403640373594467
1584.0000000000000000,-8.7403640373594467
1585.0000000000000000,-8.9708554333262960
1586.0000000000000000,-8.9708554333262960
1587.0000000000000000,-9.1842922611409303
1588.0000000000000000,-9.1842922611409303
1589.0000000000000000,-9.3735078115565038
1590.0000000000000000,-9.3735078115565038
1591.0000000000000000,-9.5313644229617989
1592.0000000000000000,-9.5313644229617989
1593.0000000000000000,-9.6535952374330858
1594.0000000000000000,-9.6535952374330858
1595.0000000000000000,-9.7410579512678499
1596.0000000000000000,-9.7410579512678499
1597.0000000000000000,-9.7993333075906115
1598.0000000000000000,-9.7993333075906115
1599.0000000000000000,-9.8360741985168794
1600.0000000000000000,-9.8360741985168794
1601.0000000000000000,-9.8584030519977066
1602.0000000000000000,-9.8584030519977066
1603.0000000000000000,-9.8717065746775248
1604.0000000000000000,-9.8717065746775248
1605.0000000000000000,-9.8795898634599375
1606.0000000000000000,-9.8795898634599375
1607.0000000000000000,-9.8842979844747489
1608.0000000000000000,-9.8842979844747489
1609.0000000000000000,-9.8871720861277463
1610.0000000000000000,-9.8871720861277463
1611.0000000000000000,-9.8889947695086988
1612.0000000000000000,-9.8889947695161844
1613.0000000000000000,-9.8902168860440884
1614.0000000000000000,-9.8902168860531461
1615.0000000000000000,-9.8910964385995417
1616.0000000000000000,-9.8911216649024514
1617.0000000000000000,-9.8927518236825929
1618.0000000000000000,-9.8983907477824236
1619.0000000000000000,-9.9069613226425730
1620.0000000000000000,-9.9365250945776928
1621.0000000000000000,-9.9418394734284821
1622.0000000000000000,-9.9844229504465414
1623.0000000000000000,-9.9888298652462488
1624.0000000000000000,-9.9999762964554009
1625.0000000000000000,-10.0070822681502918
1626.0000000000000000,-10.0076569039998589
1627.0000000000000000,-10.0085332474138262
1628.0000000000000000,-10.0147619053299302
1629.0000000000000000,-10.0187302683953110
1630.0000000000000000,-10.0485701527575628
1631.0000000000000000,-10.2121568197551831
1632.0000000000000000,-10.2478113997868956
1633.0000000000000000,-10.3727143957480976
1634.0000000000000000,-10.4632786438589740
1635.0000000000000000,-10.6512482305954190
1636.0000000000000000,-10.6819725747982694
1637.0000000000000000,-11.1554143701846709
1638.0000000000000000,-11.3685865339344527
1639.0000000000000000,-11.7296700794320383
1640.0000000000000000,-11.7575323331291557
1641.0000000000000000,-11.9923331091482002
1642.0000000000000000,-12.1872825754160043
1643.0000000000000000,-12.3240676969576270
1644.0000000000000000,-12.3650879066856110
1645.0000000000000000,-12.3895803401542004
1646.0000000000000000,-12.4291790211266129
1647.0000000000000000,-12.4297225676729806
1648.0000000000000000,-12.4763607032414807
1649.0000000000000000,-12.4832307146624899
1650.0000000000000000,-12.4847726103204302
1651.0000000000000000,-12.4888014655156585
1652.0000000000000000,-12.4888014655156585
1653.0000000000000000,-12.4927354819295520
1654.0000000000000000,-12.4927546477111147
1655.0000000000000000,-12.4940458371867376
1656.0000000000000000,-12.4940607081816566
1657.0000000000000000,-12.4951377615404873
1658.0000000000000000,-12.4962032547810118
1659.0000000000000000,-12.5053879623942823
1660.0000000000000000,-12.5252611103611002
1661.0000000000000000,-12.5598987379846960
1662.0000000000000000,-12.7507595421636086
1663.0000000000000000,-12.8812148804416111
1664.0000000000000000,-13.1171932942744398
1665.0000000000000000,-13.3436790566419763
1666.0000000000000000,-13.3715865933619451
1667.0000000000000000,-13.3845966594932992
1668.0000000000000000,-13.3845966594932992
1669.0000000000000000,-13.4188345157734634
1670.0000000000000000,-13.4190134703208983
1671.0000000000000000,-13.4270645127673216
1672.0000000000000000,-13.4272126520665633
1673.0000000000000000,-13.4314841126149105
1674.0000000000000000,-13.4320630116545683
1675.0000000000000000,-13.4344649159752798
1676.0000000000000000,-13.4351781370373349
1677.0000000000000000,-13.4370343969257977
1678.0000000000000000,-13.4372918018241680
1679.0000000000000000,-13.4436541815314889
1680.0000000000000000,-13.4452818049152487
1681.0000000000000000,-13.4603986255180530
1682.0000000000000000,-13.4721828183098964
1683.0000000000000000,-13.4791853202298544
1684.0000000000000000,-13.5237855898284902
1685.0000000000000000,-13.5804990116708648
1686.0000000000000000,-13.5935598617102080
1687.0000000000000000,-13.6075998058271939
1688.0000000000000000,-13.6424208973825074
1689.0000000000000000,-13.6432898373193456
1690.0000000000000000,-13.6573800300736945
1691.0000000000000000,-13.6590261378498496
1692.0000000000000000,-13.6783463738853666
1693.0000000000000000,-13.6832239280165187
1694.0000000000000000,-13.6849897103639524
1695.0000000000000000,-13.6872767280084311
1696.0000000000000000,-13.6952923323369564
1697.0000000000000000,-13.6992281711736279
1698.0000000000000000,-13.7000745826458488
1699.0000000000000000,-13.7084971562644071
1700.0000000000000000,-13.7090769432740363
1701.0000000000000000,-13.7134236501282825
1702.0000000000000000,-13.7139292486807012
1703.0000000000000000,-13.7169793304380736
1704.0000000000000000,-13.7174649667486754
1705.0000000000000000,-13.7202233938402163
1706.0000000000000000,-13.7214695275534346
1707.0000000000000000,-13.7304810471885244
1708.0000000000000000,-13.7304811721377344
1709.0000000000000000,-13.7326139389766837
1710.0000000000000000,-13.7326139395655371
1711.0000000000000000,-13.7338346741475821
1712.0000000000000000,-13.7338346750486551
1713.0000000000000000,-13.7346752681127278
1714.0000000000000000,-13.7347488913383078
1715.0000000000000000,-13.7361837991327160
1716.0000000000000000,-13.7472912988088733
1717.0000000000000000,-13.7693372062698423
1718.0000000000000000,-13.8066198218086260
1719.0000000000000000,-13.9451879563162908
1720.0000000000000000,-14.2989314494116329
1721.0000000000000000,-14.3321896126752026
1722.0000000000000000,-14.6521809199833690
1723.0000000000000000,-14.6551266165316960
1724.0000000000000000,-14.8813454992108216
1725.0000000000000000,-14.8813454992108216
1726.0000000000000000,-14.9993901927858406
1727.0000000000000000,-14.9993901927858406
1728.0000000000000000,-15.0717164810281421
1729.0000000000000000,-15.0717164810281421
1730.0000000000000000,-15.1133792765922657
1731.0000000000000000,-15.1133792765922657
1732.0000000000000000,-15.1365878535193339
1733.0000000000000000,-15.1365878616313925
1734.0000000000000000,-15.1493748893862552
1735.0000000000000000,-15.1493789096336045
1736.0000000000000000,-15.1567439819416698
1737.0000000000000000,-15.1568465359588558
1738.0000000000000000,-15.1619516196465707
1739.0000000000000000,-15.1619967591276286
1740.0000000000000000,-15.1645121495921718
1741.0000000000000000,-15.1645124410225076
1742.0000000000000000,-15.1656426077442763
1743.0000000000000000,-15.1656788082886251
1744.0000000000000000,-15.1673193040597223