Iteration,log_10 Error
0.000000,7.969404
1.000000,3.989424
2.000000,2.937651
3.000000,2.336358
4.000000,2.092355
5.000000,2.075781
6.000000,2.075012
7.000000,2.074825
8.000000,2.074662
9.000000,2.074544
10.000000,2.074250
11.000000,2.073937
12.000000,2.073308
13.000000,2.073148
14.000000,2.072768
15.000000,2.072656
16.000000,2.071829
17.000000,2.071748
18.000000,2.071285
19.000000,2.071027
20.000000,2.070748
21.000000,2.070329
22.000000,2.069801
23.000000,2.069562
24.000000,2.069263
25.000000,2.068867
26.000000,2.068316
27.000000,2.068075
28.000000,2.067777
29.000000,2.067352
30.000000,2.066829
31.000000,2.066566
32.000000,2.066291
33.000000,2.065794
34.000000,2.065342
35.000000,2.065184
36.000000,2.064396
37.000000,2.064209
38.000000,2.063853
39.000000,2.063473
40.000000,2.062904
41.000000,2.062631
42.000000,2.062365
43.000000,2.061941
44.000000,2.060587
45.000000,2.060397
46.000000,2.060221
47.000000,2.060071
48.000000,2.059965
49.000000,2.059608
50.000000,2.059150
51.000000,2.058656
52.000000,2.058384
53.000000,2.057705
54.000000,2.057428
55.000000,2.057321
56.000000,2.056955
57.000000,2.056464
58.000000,2.056002
59.000000,2.055621
60.000000,2.055049
61.000000,2.054785
62.000000,2.054096
63.000000,2.053946
64.000000,2.053143
65.000000,2.052862
66.000000,2.052741
67.000000,2.052392
68.000000,2.051916
69.000000,2.050603
70.000000,2.050395
71.000000,2.050057
72.000000,2.049394
73.000000,2.048263
74.000000,2.048001
75.000000,2.047881
76.000000,2.047510
77.000000,2.046843
78.000000,2.045715
79.000000,2.045430
80.000000,2.045292
81.000000,2.044962
82.000000,2.044020
83.000000,2.043163
84.000000,2.042812
85.000000,2.042205
86.000000,2.041938
87.000000,2.040409
88.000000,2.040125
89.000000,2.039976
90.000000,2.039854
91.000000,2.039443
92.000000,2.038477
93.000000,2.037642
94.000000,2.037132
95.000000,2.036684
96.000000,2.036180
97.000000,2.033192
98.000000,2.032937
99.000000,2.032785
100.000000,2.032652
101.000000,2.032222
102.000000,2.030791
103.000000,2.028722
104.000000,2.028328
105.000000,2.027761
106.000000,2.026269
107.000000,2.024258
108.000000,2.023868
109.000000,2.022452
110.000000,2.021487
111.000000,2.020646
112.000000,2.019572
113.000000,2.013728
114.000000,2.012863
115.000000,2.011920
116.000000,2.005637
117.000000,1.984283
118.000000,1.984061
119.000000,1.983920
120.000000,1.983644
121.000000,1.983380
122.000000,1.983126
123.000000,1.982879
124.000000,1.982640
125.000000,1.982406
126.000000,1.982176
127.000000,1.981950
128.000000,1.981727
129.000000,1.981581
130.000000,1.981299
131.000000,1.981032
132.000000,1.980777
133.000000,1.980531
134.000000,1.980292
135.000000,1.980059
136.000000,1.979831
137.000000,1.979606
138.000000,1.979461
139.000000,1.979173
140.000000,1.978903
141.000000,1.978646
142.000000,1.978399
143.000000,1.978161
144.000000,1.977929
145.000000,1.977701
146.000000,1.977581
147.000000,1.977280
148.000000,1.977002
149.000000,1.976740
150.000000,1.976490
151.000000,1.976250
152.000000,1.976017
153.000000,1.975789
154.000000,1.975646
155.000000,1.975347
156.000000,1.975071
157.000000,1.974811
158.000000,1.974565
159.000000,1.974327
160.000000,1.974096
161.000000,1.973980
162.000000,1.973667
163.000000,1.973383
164.000000,1.973118
165.000000,1.972869
166.000000,1.972629
167.000000,1.972398
168.000000,1.972270
169.000000,1.971957
170.000000,1.971672
171.000000,1.971409
172.000000,1.971161
173.000000,1.970924
174.000000,1.970694
175.000000,1.970521
176.000000,1.970219
177.000000,1.969944
178.000000,1.969688
179.000000,1.969446
180.000000,1.969213
181.000000,1.969064
182.000000,1.968750
183.000000,1.968467
184.000000,1.968207
185.000000,1.967963
186.000000,1.967728
187.000000,1.967578
188.000000,1.967260
189.000000,1.966977
190.000000,1.966717
191.000000,1.966473
192.000000,1.966239
193.000000,1.966063
194.000000,1.965752
195.000000,1.965474
196.000000,1.965219
197.000000,1.964978
198.000000,1.964867
199.000000,1.964526
200.000000,1.964230
201.000000,1.963963
202.000000,1.963715
203.000000,1.963480
204.000000,1.963294
205.000000,1.962980
206.000000,1.962704
207.000000,1.962450
208.000000,1.962212
209.000000,1.962046
210.000000,1.961721
211.000000,1.961437
212.000000,1.961180
213.000000,1.960940
214.000000,1.960780
215.000000,1.960449
216.000000,1.960163
217.000000,1.959906
218.000000,1.959665
219.000000,1.959492
220.000000,1.959164
221.000000,1.958882
222.000000,1.958626
223.000000,1.958388
224.000000,1.958187
225.000000,1.957869
226.000000,1.957594
227.000000,1.957343
228.000000,1.957230
229.000000,1.956868
230.000000,1.956567
231.000000,1.956302
232.000000,1.956058
233.000000,1.955877
234.000000,1.955545
235.000000,1.955263
236.000000,1.955010
237.000000,1.954892
238.000000,1.954526
239.000000,1.954225
240.000000,1.953961
241.000000,1.953719
242.000000,1.953506
243.000000,1.953186
244.000000,1.952912
245.000000,1.952665
246.000000,1.952481
247.000000,1.952143
248.000000,1.951860
249.000000,1.951608
250.000000,1.951446
251.000000,1.951094
252.000000,1.950805
253.000000,1.950550
254.000000,1.950398
255.000000,1.950038
256.000000,1.949746
257.000000,1.949489
258.000000,1.949335
259.000000,1.948974
260.000000,1.948682
261.000000,1.948426
262.000000,1.948258
263.000000,1.947903
264.000000,1.947614
265.000000,1.947361
266.000000,1.947168
267.000000,1.946825
268.000000,1.946543
269.000000,1.946294
270.000000,1.946070
271.000000,1.945742
272.000000,1.945470
273.000000,1.945366
274.000000,1.944966
275.000000,1.944658
276.000000,1.944396
277.000000,1.944226
278.000000,1.943863
279.000000,1.943574
280.000000,1.943323
281.000000,1.943091
282.000000,1.942763
283.000000,1.942493
284.000000,1.942348
285.000000,1.941965
286.000000,1.941669
287.000000,1.941415
288.000000,1.941185
289.000000,1.940852
290.000000,1.940581
291.000000,1.940422
292.000000,1.940044
293.000000,1.939752
294.000000,1.939501
295.000000,1.939246
296.000000,1.938926
297.000000,1.938663
298.000000,1.938456
299.000000,1.938104
300.000000,1.937826
301.000000,1.937673
302.000000,1.937285
303.000000,1.936990
304.000000,1.936895
305.000000,1.936467
306.000000,1.936155
307.000000,1.935897
308.000000,1.935651
309.000000,1.935320
310.000000,1.935054
311.000000,1.934833
312.000000,1.934485
313.000000,1.934211
314.000000,1.934012
315.000000,1.933647
316.000000,1.933366
317.000000,1.933185
318.000000,1.932807
319.000000,1.932521
320.000000,1.932351
321.000000,1.931963
322.000000,1.931674
323.000000,1.931509
324.000000,1.931116
325.000000,1.930825
326.000000,1.930658
327.000000,1.930264
328.000000,1.929974
329.000000,1.929798
330.000000,1.929409
331.000000,1.929122
332.000000,1.928930
333.000000,1.928551
334.000000,1.928269
335.000000,1.928055
336.000000,1.927690
337.000000,1.927415
338.000000,1.927177
339.000000,1.926828
340.000000,1.926561
341.000000,1.926296
342.000000,1.925966
343.000000,1.925706
344.000000,1.925415
345.000000,1.925103
346.000000,1.924950
347.000000,1.924534
348.000000,1.924241
349.000000,1.924032
350.000000,1.923657
351.000000,1.923381
352.000000,1.923122
353.000000,1.922783
354.000000,1.922680
355.000000,1.922221
356.000000,1.921914
357.000000,1.921724
358.000000,1.921330
359.000000,1.921048
360.000000,1.920791
361.000000,1.920448
362.000000,1.920332
363.000000,1.919877
364.000000,1.919574
365.000000,1.919358
366.000000,1.918980
367.000000,1.918707
368.000000,1.918420
369.000000,1.918098
370.000000,1.917914
371.000000,1.917508
372.000000,1.917226
373.000000,1.916951
374.000000,1.916618
375.000000,1.916448
376.000000,1.916027
377.000000,1.915742
378.000000,1.915468
379.000000,1.915132
380.000000,1.914955
381.000000,1.914537
382.000000,1.914254
383.000000,1.913968
384.000000,1.913640
385.000000,1.913438
386.000000,1.913039
387.000000,1.912764
388.000000,1.912457
389.000000,1.912145
390.000000,1.911903
391.000000,1.911536
392.000000,1.911390
393.000000,1.910939
394.000000,1.910648
395.000000,1.910361
396.000000,1.910030
397.000000,1.909809
398.000000,1.909420
399.000000,1.909291
400.000000,1.908821
401.000000,1.908527
402.000000,1.908237
403.000000,1.907906
404.000000,1.907672
405.000000,1.907291
406.000000,1.907131
407.000000,1.906684
408.000000,1.906399
409.000000,1.906086
410.000000,1.905774
411.000000,1.905500
412.000000,1.905152
413.000000,1.904927
414.000000,1.904534
415.000000,1.904370
416.000000,1.903921
417.000000,1.903638
418.000000,1.903313
419.000000,1.903010
420.000000,1.902711
421.000000,1.902383
422.000000,1.902115
423.000000,1.901758
424.000000,1.901526
425.000000,1.901134
426.000000,1.900944
427.000000,1.900512
428.000000,1.900367
429.000000,1.899892
430.000000,1.899606
431.000000,1.899470
432.000000,1.898719
433.000000,1.898360
434.000000,1.898112
435.000000,1.897730
436.000000,1.897504
437.000000,1.897101
438.000000,1.896895
439.000000,1.896471
440.000000,1.896285
441.000000,1.895841
442.000000,1.895673
443.000000,1.895210
444.000000,1.895057
445.000000,1.894577
446.000000,1.894436
447.000000,1.893944
448.000000,1.893811
449.000000,1.893309
450.000000,1.893180
451.000000,1.892673
452.000000,1.892543
453.000000,1.892035
454.000000,1.891900
455.000000,1.891396
456.000000,1.891252
457.000000,1.890756
458.000000,1.890599
459.000000,1.890115
460.000000,1.889941
461.000000,1.889472
462.000000,1.889280
463.000000,1.888829
464.000000,1.888616
465.000000,1.888185
466.000000,1.887951
467.000000,1.887542
468.000000,1.887286
469.000000,1.886898
470.000000,1.886620
471.000000,1.886254
472.000000,1.885956
473.000000,1.885611
474.000000,1.885293
475.000000,1.884968
476.000000,1.884633
477.000000,1.884326
478.000000,1.884077
479.000000,1.883374
480.000000,1.883056
481.000000,1.882859
482.000000,1.882109
483.000000,1.881784
484.000000,1.881611
485.000000,1.880838
486.000000,1.880510
487.000000,1.880327
488.000000,1.879560
489.000000,1.879235
490.000000,1.879009
491.000000,1.878275
492.000000,1.877959
493.000000,1.877664
494.000000,1.876985
495.000000,1.876845
496.000000,1.876312
497.000000,1.876078
498.000000,1.875650
499.000000,1.875352
500.000000,1.874996
501.000000,1.874855
502.000000,1.874038
503.000000,1.873714
504.000000,1.873396
505.000000,1.872728
506.000000,1.872545
507.000000,1.872052
508.000000,1.871774
509.000000,1.871391
510.000000,1.871054
511.000000,1.870919
512.000000,1.870366
513.000000,1.870109
514.000000,1.869699
515.000000,1.869369
516.000000,1.869044
517.000000,1.868667
518.000000,1.868042
519.000000,1.867805
520.000000,1.867368
521.000000,1.867044
522.000000,1.866711
523.000000,1.866335
524.000000,1.865705
525.000000,1.865456
526.000000,1.865030
527.000000,1.864693
528.000000,1.864550
529.000000,1.863992
530.000000,1.863705
531.000000,1.863323
532.000000,1.863077
533.000000,1.862326
534.000000,1.862103
535.000000,1.861638
536.000000,1.861307
537.000000,1.861170
538.000000,1.860595
539.000000,1.860299
540.000000,1.859924
541.000000,1.859599
542.000000,1.858913
543.000000,1.858647
544.000000,1.858232
545.000000,1.858003
546.000000,1.857227
547.000000,1.856980
548.000000,1.856537
549.000000,1.856360
550.000000,1.855533
551.000000,1.855291
552.000000,1.854840
553.000000,1.854655
554.000000,1.853831
555.000000,1.853578
556.000000,1.853139
557.000000,1.852889
558.000000,1.852122
559.000000,1.851844
560.000000,1.851436
561.000000,1.851079
562.000000,1.850409
563.000000,1.850098
564.000000,1.849731
565.000000,1.849250
566.000000,1.848694
567.000000,1.848350
568.000000,1.848149
569.000000,1.847628
570.000000,1.847469
571.000000,1.846608
572.000000,1.846323
573.000000,1.845915
574.000000,1.845482
575.000000,1.844877
576.000000,1.844532
577.000000,1.844322
578.000000,1.843805
579.000000,1.843564
580.000000,1.842773
581.000000,1.842457
582.000000,1.842319
583.000000,1.841692
584.000000,1.841343
585.000000,1.841114
586.000000,1.840617
587.000000,1.840281
588.000000,1.839576
589.000000,1.839234
590.000000,1.839020
591.000000,1.838496
592.000000,1.838172
593.000000,1.837453
594.000000,1.837106
595.000000,1.836878
596.000000,1.836371
597.000000,1.835987
598.000000,1.835323
599.000000,1.835162
600.000000,1.834281
601.000000,1.833946
602.000000,1.833744
603.000000,1.833189
604.000000,1.832827
605.000000,1.832139
606.000000,1.831944
607.000000,1.831090
608.000000,1.830742
609.000000,1.830500
610.000000,1.829999
611.000000,1.829520
612.000000,1.828944
613.000000,1.828545
614.000000,1.827888
615.000000,1.827569
616.000000,1.826832
617.000000,1.826587
618.000000,1.825775
619.000000,1.825592
620.000000,1.824717
621.000000,1.824578
622.000000,1.823658
623.000000,1.823295
624.000000,1.823008
625.000000,1.822564
626.000000,1.822095
627.000000,1.820711
628.000000,1.820376
629.000000,1.820147
630.000000,1.819597
631.000000,1.819050
632.000000,1.818533
633.000000,1.818238
634.000000,1.816680
635.000000,1.816341
636.000000,1.816097
637.000000,1.815561
638.000000,1.815204
639.000000,1.813699
640.000000,1.813346
641.000000,1.813068
642.000000,1.812585
643.000000,1.811895
644.000000,1.810706
645.000000,1.810485
646.000000,1.809628
647.000000,1.809177
648.000000,1.808556
649.000000,1.808166
650.000000,1.806680
651.000000,1.806530
652.000000,1.805595
653.000000,1.805125
654.000000,1.804520
655.000000,1.803897
656.000000,1.802632
657.000000,1.802272
658.000000,1.801550
659.000000,1.801087
660.000000,1.799661
661.000000,1.799310
662.000000,1.798577
663.000000,1.797992
664.000000,1.796682
665.000000,1.796227
666.000000,1.795600
667.000000,1.794681
668.000000,1.793698
669.000000,1.793330
670.000000,1.791799
671.000000,1.791327
672.000000,1.790715
673.000000,1.790045
674.000000,1.787146
675.000000,1.786909
676.000000,1.786044
677.000000,1.785125
678.000000,1.784134
679.000000,1.783277
680.000000,1.782223
681.000000,1.781346
682.000000,1.780311
683.000000,1.779334
684.000000,1.778398
685.000000,1.777593
686.000000,1.774803
687.000000,1.774243
688.000000,1.773955
689.000000,1.773294
690.000000,1.771447
691.000000,1.766293
692.000000,1.765746
693.000000,1.765427
694.000000,1.765139
695.000000,1.764355
696.000000,1.760811
697.000000,1.757335
698.000000,1.756183
699.000000,1.753717
700.000000,1.751100
701.000000,1.746688
702.000000,1.742394
703.000000,1.732791
704.000000,1.729401
705.000000,1.705150
706.000000,1.704674
707.000000,1.704504
708.000000,1.703824
709.000000,1.703224
710.000000,1.702680
711.000000,1.702175
712.000000,1.701696
713.000000,1.701477
714.000000,1.700797
715.000000,1.700204
716.000000,1.699669
717.000000,1.699172
718.000000,1.698701
719.000000,1.698330
720.000000,1.697698
721.000000,1.697141
722.000000,1.696633
723.000000,1.696156
724.000000,1.695790
725.000000,1.695144
726.000000,1.694583
727.000000,1.694075
728.000000,1.693600
729.000000,1.693172
730.000000,1.692545
731.000000,1.691999
732.000000,1.691502
733.000000,1.691202
734.000000,1.690502
735.000000,1.689917
736.000000,1.689400
737.000000,1.689201
738.000000,1.688438
739.000000,1.687821
740.000000,1.687289
741.000000,1.686804
742.000000,1.686340
743.000000,1.685706
744.000000,1.685167
745.000000,1.684680
746.000000,1.684200
747.000000,1.683568
748.000000,1.683033
749.000000,1.682797
750.000000,1.682018
751.000000,1.681408
752.000000,1.680887
753.000000,1.680532
754.000000,1.679812
755.000000,1.679238
756.000000,1.678739
757.000000,1.678249
758.000000,1.677603
759.000000,1.677070
760.000000,1.676711
761.000000,1.675977
762.000000,1.675403
763.000000,1.675187
764.000000,1.674354
765.000000,1.673737
766.000000,1.673222
767.000000,1.672729
768.000000,1.672068
769.000000,1.671536
770.000000,1.671089
771.000000,1.670392
772.000000,1.669845
773.000000,1.669425
774.000000,1.668703
775.000000,1.668149
776.000000,1.667730
777.000000,1.667002
778.000000,1.666447
779.000000,1.666006
780.000000,1.665287
781.000000,1.664740
782.000000,1.664255
783.000000,1.663563
784.000000,1.663029
785.000000,1.662486
786.000000,1.661832
787.000000,1.661597
788.000000,1.660706
789.000000,1.660099
790.000000,1.659714
791.000000,1.658930
792.000000,1.658369
793.000000,1.657849
794.000000,1.657165
795.000000,1.656914
796.000000,1.656012
797.000000,1.655412
798.000000,1.654945
799.000000,1.654210
800.000000,1.654009
801.000000,1.653051
802.000000,1.652440
803.000000,1.651961
804.000000,1.651227
805.000000,1.650966
806.000000,1.650043
807.000000,1.649452
808.000000,1.648904
809.000000,1.648220
810.000000,1.647818
811.000000,1.647004
812.000000,1.646800
813.000000,1.645807
814.000000,1.645204
815.000000,1.644635
816.000000,1.643960
817.000000,1.643489
818.000000,1.642722
819.000000,1.642368
820.000000,1.641490
821.000000,1.641269
822.000000,1.640263
823.000000,1.639670
824.000000,1.639042
825.000000,1.638410
826.000000,1.637823
827.000000,1.637150
828.000000,1.636601
829.000000,1.635889
830.000000,1.635374
831.000000,1.634625
832.000000,1.634137
833.000000,1.633359
834.000000,1.632887
835.000000,1.632088
836.000000,1.631623
837.000000,1.630814
838.000000,1.630342
839.000000,1.629536
840.000000,1.629047
841.000000,1.628255
842.000000,1.627738
843.000000,1.626971
844.000000,1.626419
845.000000,1.625685
846.000000,1.625094
847.000000,1.624398
848.000000,1.623765
849.000000,1.623110
850.000000,1.622438
851.000000,1.621824
852.000000,1.621279
853.000000,1.619898
854.000000,1.619275
855.000000,1.618700
856.000000,1.617332
857.000000,1.617075
858.000000,1.615985
859.000000,1.615535
860.000000,1.614657
861.000000,1.614069
862.000000,1.613346
863.000000,1.613072
864.000000,1.611419
865.000000,1.610776
866.000000,1.610046
867.000000,1.608778
868.000000,1.608324
869.000000,1.607426
870.000000,1.606789
871.000000,1.606108
872.000000,1.605401
873.000000,1.604096
874.000000,1.603598
875.000000,1.602738
876.000000,1.602055
877.000000,1.601720
878.000000,1.600647
879.000000,1.600027
880.000000,1.599312
881.000000,1.598529
882.000000,1.597271
883.000000,1.596682
884.000000,1.595918
885.000000,1.595182
886.000000,1.593871
887.000000,1.593266
888.000000,1.592515
889.000000,1.591650
890.000000,1.590449
891.000000,1.589789
892.000000,1.589465
893.000000,1.588314
894.000000,1.587628
895.000000,1.587223
896.000000,1.586174
897.000000,1.585779
898.000000,1.584116
899.000000,1.583502
900.000000,1.582739
901.000000,1.581674
902.000000,1.580641
903.000000,1.580004
904.000000,1.578555
905.000000,1.577862
906.000000,1.577404
907.000000,1.576386
908.000000,1.575585
909.000000,1.574284
910.000000,1.573820
911.000000,1.572184
912.000000,1.571476
913.000000,1.570961
914.000000,1.570002
915.000000,1.568953
916.000000,1.567884
917.000000,1.566912
918.000000,1.565764
919.000000,1.564820
920.000000,1.563639
921.000000,1.562671
922.000000,1.561511
923.000000,1.560469
924.000000,1.559381
925.000000,1.558901
926.000000,1.555660
927.000000,1.554964
928.000000,1.554425
929.000000,1.553420
930.000000,1.552057
931.000000,1.549649
932.000000,1.549058
933.000000,1.547486
934.000000,1.546371
935.000000,1.545340
936.000000,1.543471
937.000000,1.541539
938.000000,1.540430
939.000000,1.539387
940.000000,1.537984
941.000000,1.532240
942.000000,1.531878
943.000000,1.530028
944.000000,1.528368
945.000000,1.526202
946.000000,1.524525
947.000000,1.522371
948.000000,1.520334
949.000000,1.518537
950.000000,1.515570
951.000000,1.511306
952.000000,1.509308
953.000000,1.507462
954.000000,1.500808
955.000000,1.493350
956.000000,1.488184
957.000000,1.465360
958.000000,1.463852
959.000000,1.462550
960.000000,1.461341
961.000000,1.460209
962.000000,1.459140
963.000000,1.458123
964.000000,1.457146
965.000000,1.456202
966.000000,1.455283
967.000000,1.454654
968.000000,1.453418
969.000000,1.452296
970.000000,1.451255
971.000000,1.450274
972.000000,1.449335
973.000000,1.448661
974.000000,1.447379
975.000000,1.446246
976.000000,1.445214
977.000000,1.444248
978.000000,1.443606
979.000000,1.442257
980.000000,1.441102
981.000000,1.440068
982.000000,1.439110
983.000000,1.438213
984.000000,1.436944
985.000000,1.435856
986.000000,1.434872
987.000000,1.434003
988.000000,1.432686
989.000000,1.431585
990.000000,1.430603
991.000000,1.429603
992.000000,1.428332
993.000000,1.427269
994.000000,1.426554
995.000000,1.425080
996.000000,1.423929
997.000000,1.423459
998.000000,1.421791
999.000000,1.420565
1000.000000,1.419545
1001.000000,1.418444
1002.000000,1.417174
1003.000000,1.416143
1004.000000,1.415007
1005.000000,1.413744
1006.000000,1.413215
1007.000000,1.411481
1008.000000,1.410281
1009.000000,1.409464
1010.000000,1.407921
1011.000000,1.406811
1012.000000,1.405695
1013.000000,1.404370
1014.000000,1.403645
1015.000000,1.401979
1016.000000,1.400850
1017.000000,1.399661
1018.000000,1.398370
1019.000000,1.397409
1020.000000,1.395904
1021.000000,1.395208
1022.000000,1.393445
1023.000000,1.393029
1024.000000,1.390983
1025.000000,1.389790
1026.000000,1.388520
1027.000000,1.387259
1028.000000,1.386030
1029.000000,1.384719
1030.000000,1.383504
1031.000000,1.382168
1032.000000,1.380935
1033.000000,1.379607
1034.000000,1.378328
1035.000000,1.377039
1036.000000,1.376535
1037.000000,1.373290
1038.000000,1.371935
1039.000000,1.371389
1040.000000,1.368118
1041.000000,1.366803
1042.000000,1.365644
1043.000000,1.362847
1044.000000,1.362082
1045.000000,1.360109
1046.000000,1.358898
1047.000000,1.357450
1048.000000,1.356202
1049.000000,1.353408
1050.000000,1.352365
1051.000000,1.350666
1052.000000,1.349718
1053.000000,1.346596
1054.000000,1.345486
1055.000000,1.343832
1056.000000,1.342284
1057.000000,1.339679
1058.000000,1.338323
1059.000000,1.337518
1060.000000,1.335358
1061.000000,1.334217
1062.000000,1.331170
1063.000000,1.329769
1064.000000,1.328786
1065.000000,1.326807
1066.000000,1.324836
1067.000000,1.322564
1068.000000,1.320699
1069.000000,1.318305
1070.000000,1.316317
1071.000000,1.314034
1072.000000,1.313114
1073.000000,1.306526
1074.000000,1.305058
1075.000000,1.303790
1076.000000,1.302882
1077.000000,1.300377
1078.000000,1.297344
1079.000000,1.292742
1080.000000,1.290427
1081.000000,1.289457
1082.000000,1.286726
1083.000000,1.282612
1084.000000,1.272218
1085.000000,1.269898
1086.000000,1.264482
1087.000000,1.255124
1088.000000,1.235994
1089.000000,1.164620
1090.000000,0.992929
1091.000000,0.985411
1092.000000,0.979317
1093.000000,0.974369
1094.000000,0.970170
1095.000000,0.966059
1096.000000,0.960557
1097.000000,0.958583
1098.000000,0.950995
1099.000000,0.946124
1100.000000,0.941168
1101.000000,0.935861
1102.000000,0.930632
1103.000000,0.925434
1104.000000,0.920225
1105.000000,0.909104
1106.000000,0.904535
1107.000000,0.897868
1108.000000,0.889605
1109.000000,0.880700
1110.000000,0.871579
1111.000000,0.868435
1112.000000,0.856429
1113.000000,0.841130
1114.000000,0.825100
1115.000000,0.714144
1116.000000,0.570386
1117.000000,-0.280407
1118.000000,-1.252050
1119.000000,-1.548308
1120.000000,-1.946227
1121.000000,-2.413915
1122.000000,-2.912123
1123.000000,-3.413169
1124.000000,-3.890793
1125.000000,-4.300774
1126.000000,-4.586582
1127.000000,-4.738146
1128.000000,-4.805725
1129.000000,-4.837721
1130.000000,-4.857290
1131.000000,-4.874956
1132.000000,-4.897257
1133.000000,-4.910299
1134.000000,-4.936598
1135.000000,-4.954319
1136.000000,-4.975022
1137.000000,-4.994668
1138.000000,-5.012075
1139.000000,-5.034569
1140.000000,-5.047105
1141.000000,-5.073798
1142.000000,-5.091671
1143.000000,-5.112032
1144.000000,-5.131954
1145.000000,-5.148775
1146.000000,-5.171748
1147.000000,-5.183307
1148.000000,-5.210802
1149.000000,-5.228962
1150.000000,-5.248756
1151.000000,-5.269150
1152.000000,-5.285054
1153.000000,-5.308790
1154.000000,-5.318888
1155.000000,-5.347603
1156.000000,-5.366187
1157.000000,-5.385174
1158.000000,-5.406246
1159.000000,-5.420876
1160.000000,-5.445683
1161.000000,-5.453791
1162.000000,-5.484176
1163.000000,-5.503338
1164.000000,-5.521248
1165.000000,-5.543229
1166.000000,-5.556179
1167.000000,-5.582402
1168.000000,-5.600181
1169.000000,-5.620489
1170.000000,-5.640405
1171.000000,-5.656927
1172.000000,-5.680081
1173.000000,-5.690882
1174.000000,-5.718920
1175.000000,-5.737317
1176.000000,-5.756487
1177.000000,-5.777367
1178.000000,-5.792124
1179.000000,-5.816772
1180.000000,-5.824858
1181.000000,-5.855188
1182.000000,-5.874372
1183.000000,-5.892103
1184.000000,-5.914202
1185.000000,-5.926737
1186.000000,-5.953265
1187.000000,-5.971172
1188.000000,-5.991155
1189.000000,-6.011326
1190.000000,-6.027254
1191.000000,-6.050882
1192.000000,-6.060645
1193.000000,-6.089517
1194.000000,-6.108223
1195.000000,-6.126746
1196.000000,-6.148155
1197.000000,-6.161830
1198.000000,-6.187365
1199.000000,-6.193680
1200.000000,-6.225466
1201.000000,-6.245172
1202.000000,-6.261870
1203.000000,-6.284827
1204.000000,-6.295694
1205.000000,-6.323606
1206.000000,-6.341998
1207.000000,-6.361041
1208.000000,-6.381997
1209.000000,-6.396420
1210.000000,-6.421304
1211.000000,-6.428686
1212.000000,-6.459544
1213.000000,-6.478945
1214.000000,-6.496148
1215.000000,-6.518664
1216.000000,-6.530255
1217.000000,-6.557536
1218.000000,-6.575724
1219.000000,-6.595105
1220.000000,-6.615766
1221.000000,-6.630674
1222.000000,-6.655135
1223.000000,-6.663206
1224.000000,-6.693464
1225.000000,-6.712667
1226.000000,-6.730193
1227.000000,-6.752427
1228.000000,-6.764476
1229.000000,-6.791358
1230.000000,-6.809416
1231.000000,-6.829008
1232.000000,-6.849483
1233.000000,-6.864692
1234.000000,-6.888889
1235.000000,-6.897383
1236.000000,-6.927271
1237.000000,-6.946355
1238.000000,-6.964073
1239.000000,-6.986138
1240.000000,-6.998457
1241.000000,-7.025100
1242.000000,-7.043083
1243.000000,-7.062795
1244.000000,-7.083164
1245.000000,-7.098540
1246.000000,-7.122589
1247.000000,-7.131311
1248.000000,-7.160997
1249.000000,-7.180017
1250.000000,-7.197833
1251.000000,-7.219810
1252.000000,-7.232260
1253.000000,-7.258786
1254.000000,-7.276732
1255.000000,-7.296498
1256.000000,-7.316818
1257.000000,-7.332262
1258.000000,-7.356249
1259.000000,-7.365055
1260.000000,-7.394662
1261.000000,-7.413659
1262.000000,-7.431503
1263.000000,-7.453453
1264.000000,-7.465932
1265.000000,-7.492429
1266.000000,-7.510368
1267.000000,-7.530137
1268.000000,-7.550452
1269.000000,-7.565890
1270.000000,-7.589878
1271.000000,-7.598661
1272.000000,-7.628283
1273.000000,-7.647287
1274.000000,-7.665106
1275.000000,-7.687075
1276.000000,-7.699505
1277.000000,-7.726039
1278.000000,-7.743993
1279.000000,-7.763727
1280.000000,-7.784070
1281.000000,-7.799446
1282.000000,-7.823484
1283.000000,-7.832160
1284.000000,-7.861868
1285.000000,-7.880904
1286.000000,-7.898658
1287.000000,-7.920680
1288.000000,-7.933000
1289.000000,-7.959624
1290.000000,-7.977610
1291.000000,-7.997280
1292.000000,-8.017676
1293.000000,-8.032946
1294.000000,-8.057072
1295.000000,-8.065577
1296.000000,-8.095426
1297.000000,-8.114513
1298.000000,-8.132168
1299.000000,-8.154272
1300.000000,-8.166435
1301.000000,-8.193190
1302.000000,-8.211221
1303.000000,-8.230803
1304.000000,-8.251273
1305.000000,-8.266403
1306.000000,-8.290646
1307.000000,-8.298928
1308.000000,-8.328963
1309.000000,-8.348114
1310.000000,-8.365646
1311.000000,-8.387854
1312.000000,-8.399821
1313.000000,-8.426740
1314.000000,-8.444828
1315.000000,-8.464302
1316.000000,-8.484862
1317.000000,-8.499823
1318.000000,-8.524208
1319.000000,-8.532227
1320.000000,-8.562482
1321.000000,-8.581710
1322.000000,-8.599099
1323.000000,-8.621427
1324.000000,-8.633170
1325.000000,-8.660277
1326.000000,-8.678430
1327.000000,-8.697783
1328.000000,-8.718445
1329.000000,-8.733216
1330.000000,-8.757761
1331.000000,-8.765484
1332.000000,-8.795987
1333.000000,-8.815302
1334.000000,-8.832530
1335.000000,-8.854993
1336.000000,-8.866486
1337.000000,-8.893804
1338.000000,-8.912028
1339.000000,-8.931248
1340.000000,-8.952023
1341.000000,-8.966584
1342.000000,-8.991306
1343.000000,-8.998705
1344.000000,-9.029481
1345.000000,-9.048890
1346.000000,-9.065943
1347.000000,-9.088554
1348.000000,-9.099776
1349.000000,-9.127322
1350.000000,-9.145624
1351.000000,-9.164699
1352.000000,-9.185597
1353.000000,-9.199933
1354.000000,-9.224844
1355.000000,-9.231897
1356.000000,-9.262965
1357.000000,-9.282474
1358.000000,-9.299342
1359.000000,-9.322109
1360.000000,-9.333044
1361.000000,-9.360832
1362.000000,-9.379218
1363.000000,-9.398139
1364.000000,-9.419166
1365.000000,-9.433265
1366.000000,-9.458377
1367.000000,-9.465064
1368.000000,-9.496440
1369.000000,-9.516056
1370.000000,-9.532727
1371.000000,-9.555661
1372.000000,-9.566292
1373.000000,-9.594336
1374.000000,-9.612809
1375.000000,-9.631570
1376.000000,-9.652733
1377.000000,-9.666582
1378.000000,-9.691905
1379.000000,-9.698208
1380.000000,-9.729907
1381.000000,-9.749635
1382.000000,-9.766102
1383.000000,-9.789208
1384.000000,-9.799524
1385.000000,-9.827834
1386.000000,-9.846399
1387.000000,-9.864991
1388.000000,-9.886297
1389.000000,-9.899886
1390.000000,-9.925428
1391.000000,-9.943052
1392.000000,-9.963368
1393.000000,-9.983212
1394.000000,-9.999466
1395.000000,-10.022753
1396.000000,-10.032740
1397.000000,-10.061328
1398.000000,-10.079987
1399.000000,-10.098405
1400.000000,-10.119858
1401.000000,-10.133178
1402.000000,-10.158948
1403.000000,-10.176649
1404.000000,-10.196823
1405.000000,-10.216787
1406.000000,-10.232821
1407.000000,-10.256294
1408.000000,-10.265943
1409.000000,-10.294816
1410.000000,-10.313573
1411.000000,-10.331812
1412.000000,-10.353417
1413.000000,-10.366459
1414.000000,-10.392464
1415.000000,-10.410244
1416.000000,-10.430272
1417.000000,-10.450360
1418.000000,-10.466167
1419.000000,-10.489832
1420.000000,-10.499132
1421.000000,-10.528300
1422.000000,-10.547158
1423.000000,-10.565212
1424.000000,-10.586974
1425.000000,-10.599730
1426.000000,-10.625976
1427.000000,-10.643839
1428.000000,-10.663716
1429.000000,-10.683932
1430.000000,-10.699505
1431.000000,-10.723368
1432.000000,-10.732309
1433.000000,-10.761780
1434.000000,-10.780742
1435.000000,-10.798605
1436.000000,-10.820528
1437.000000,-10.832991
1438.000000,-10.859485
1439.000000,-10.877432
1440.000000,-10.897155
1441.000000,-10.917502
1442.000000,-10.932836
1443.000000,-10.956901
1444.000000,-10.965475
1445.000000,-10.995255
1446.000000,-11.014324
1447.000000,-11.031993
1448.000000,-11.054080
1449.000000,-11.066243
1450.000000,-11.092991
1451.000000,-11.111024
1452.000000,-11.130589
1453.000000,-11.151070
1454.000000,-11.166158
1455.000000,-11.190431
1456.000000,-11.198629
1457.000000,-11.228727
1458.000000,-11.247905
1459.000000,-11.265374
1460.000000,-11.287631
1461.000000,-11.299486
1462.000000,-11.326494
1463.000000,-11.344615
1464.000000,-11.364018
1465.000000,-11.384636
1466.000000,-11.399474
1467.000000,-11.423959
1468.000000,-11.431772
1469.000000,-11.462195
1470.000000,-11.481484
1471.000000,-11.498749
1472.000000,-11.521179
1473.000000,-11.532720
1474.000000,-11.559994
1475.000000,-11.578206
1476.000000,-11.597442
1477.000000,-11.618201
1478.000000,-11.632782
1479.000000,-11.657484
1480.000000,-11.664904
1481.000000,-11.695659
1482.000000,-11.715063
1483.000000,-11.732119
1484.000000,-11.754725
1485.000000,-11.765945
1486.000000,-11.793490
1487.000000,-11.811795
1488.000000,-11.830862
1489.000000,-11.851764
1490.000000,-11.866084
1491.000000,-11.891007
1492.000000,-11.898026
1493.000000,-11.929120
1494.000000,-11.948640
1495.000000,-11.965483
1496.000000,-11.988270
1497.000000,-11.999161
1498.000000,-12.026984
1499.000000,-12.045383
1500.000000,-12.064276
1501.000000,-12.085326
1502.000000,-12.099378
1503.000000,-12.124528
1504.000000,-12.131137
1505.000000,-12.162576
1506.000000,-12.182216
1507.000000,-12.198840
1508.000000,-12.221812
1509.000000,-12.232368
1510.000000,-12.260474
1511.000000,-12.278970
1512.000000,-12.297686
1513.000000,-12.318886
1514.000000,-12.332664
1515.000000,-12.358046
1516.000000,-12.375615
1517.000000,-12.396029
1518.000000,-12.415790
1519.000000,-12.432192
1520.000000,-12.455353
1521.000000,-12.465566
1522.000000,-12.493962
1523.000000,-12.512556
1524.000000,-12.531092
1525.000000,-12.552445
1526.000000,-12.565944
1527.000000,-12.591562
1528.000000,-12.609211
1529.000000,-12.629478
1530.000000,-12.649363
1531.000000,-12.665539
1532.000000,-12.688891
1533.000000,-12.698756
1534.000000,-12.727446
1535.000000,-12.746141
1536.000000,-12.764492
1537.000000,-12.786002
1538.000000,-12.799216
1539.000000,-12.825075
1540.000000,-12.842806
1541.000000,-12.862923
1542.000000,-12.882935
1543.000000,-12.898879
1544.000000,-12.922427
1545.000000,-12.931936
1546.000000,-12.960927
1547.000000,-12.979725
1548.000000,-12.997888
1549.000000,-13.019557
1550.000000,-13.032481
1551.000000,-13.058585
1552.000000,-13.076399
1553.000000,-13.096364
1554.000000,-13.116506
1555.000000,-13.132213
1556.000000,-13.155962
1557.000000,-13.165107
1558.000000,-13.194405
1559.000000,-13.213308
1560.000000,-13.231279
1561.000000,-13.253111
1562.000000,-13.265738
1563.000000,-13.292093
1564.000000,-13.309992
1565.000000,-13.329801
1566.000000,-13.350075
1567.000000,-13.365541
1568.000000,-13.389494
1569.000000,-13.398269
1570.000000,-13.427880
1571.000000,-13.446890
1572.000000,-13.464664
1573.000000,-13.486662
1574.000000,-13.498987
1575.000000,-13.525598
1576.000000,-13.543584
1577.000000,-13.563234
1578.000000,-13.583643
1579.000000,-13.598862
1580.000000,-13.623024
1581.000000,-13.631421
1582.000000,-13.661351
1583.000000,-13.680471
1584.000000,-13.698045
1585.000000,-13.720213
1586.000000,-13.732229
1587.000000,-13.759101
1588.000000,-13.777176
1589.000000,-13.796663
1590.000000,-13.817209
1591.000000,-13.832177
1592.000000,-13.856552
1593.000000,-13.864564
1594.000000,-13.894819
1595.000000,-13.914050
1596.000000,-13.931421
1597.000000,-13.953761
1598.000000,-13.965463
1599.000000,-13.992601
1600.000000,-14.010766
1601.000000,-14.030087
1602.000000,-14.050774
1603.000000,-14.065486
1604.000000,-14.090078
1605.000000,-14.097697
1606.000000,-14.128284
1607.000000,-14.147629
1608.000000,-14.164791
1609.000000,-14.187308
1610.000000,-14.198689
1611.000000,-14.226098
1612.000000,-14.244355
1613.000000,-14.263507
1614.000000,-14.284338
1615.000000,-14.298789
1616.000000,-14.323601
1617.000000,-14.330821
1618.000000,-14.361745
1619.000000,-14.381206
1620.000000,-14.398155
1621.000000,-14.420852
1622.000000,-14.431907
1623.000000,-14.459592
1624.000000,-14.477944
1625.000000,-14.496923
1626.000000,-14.517900
1627.000000,-14.532084
1628.000000,-14.557122
1629.000000,-14.563934
1630.000000,-14.595202
1631.000000,-14.614782
1632.000000,-14.631515
1633.000000,-14.654395
1634.000000,-14.665116
1635.000000,-14.693083
1636.000000,-14.711531
1637.000000,-14.730335
1638.000000,-14.751461
1639.000000,-14.765373
1640.000000,-14.790641
1641.000000,-14.797037
1642.000000,-14.828656
1643.000000,-14.848357
1644.000000,-14.864869
1645.000000,-14.887936
1646.000000,-14.898317
1647.000000,-14.926571
1648.000000,-14.945117
1649.000000,-14.963741
1650.000000,-14.985020
1651.000000,-14.998655
1652.000000,-15.024157
1653.000000,-15.041768
1654.000000,-15.062106
1655.000000,-15.081931
1656.000000,-15.098217
1657.000000,-15.121476
1658.000000,-15.131510
1659.000000,-15.160057
1660.000000,-15.178703
1661.000000,-15.197144
1662.000000,-15.218577
1663.000000,-15.231930
1664.000000,-15.257671
1665.000000,-15.275363
1666.000000,-15.295552
1667.000000,-15.315503
1668.000000,-15.331559
1669.000000,-15.355013
1670.000000,-15.364694
1671.000000,-15.393539
1672.000000,-15.412287
1673.000000,-15.430541
1674.000000,-15.452133
1675.000000,-15.465197
1676.000000,-15.491183
1677.000000,-15.508957
1678.000000,-15.528995
1679.000000,-15.549074
1680.000000,-15.564895
1681.000000,-15.588548
1682.000000,-15.597868
1683.000000,-15.627018
1684.000000,-15.645871
1685.000000,-15.663934
1686.000000,-15.685687
1687.000000,-15.698457
1688.000000,-15.724692
1689.000000,-15.742550
1690.000000,-15.762434
1691.000000,-15.782644
1692.000000,-15.798226
1693.000000,-15.822081
1694.000000,-15.831034
1695.000000,-15.860494
1696.000000,-15.879453
1697.000000,-15.897322
1698.000000,-15.919240
1699.000000,-15.931710
1700.000000,-15.958198
1701.000000,-15.976143
1702.000000,-15.995868
1703.000000,-16.016213
